ISO-10303-21;
HEADER;
FILE_DESCRIPTION (( 'STEP AP214' ),
    '1' );
FILE_NAME ('C0805C104K5RAC7800.STEP',
    '2024-04-23T15:28:03',
    ( '' ),
    ( '' ),
    'SwSTEP 2.0',
    'SolidWorks 2021',
    '' );
FILE_SCHEMA (( 'AUTOMOTIVE_DESIGN' ));
ENDSEC;

DATA;
#1 = EDGE_LOOP ( 'NONE', ( #723, #21, #984, #1116 ) ) ;
#2 = AXIS2_PLACEMENT_3D ( 'NONE', #1285, #20, #430 ) ;
#3 = VECTOR ( 'NONE', #532, 1000.000000000000000 ) ;
#4 = VERTEX_POINT ( 'NONE', #951 ) ;
#5 = VECTOR ( 'NONE', #791, 1000.000000000000000 ) ;
#6 = CARTESIAN_POINT ( 'NONE',  ( 0.9499999999999997335, 0.04999999999992207900, 0.6249999999999996669 ) ) ;
#7 = LINE ( 'NONE', #420, #925 ) ;
#8 = CARTESIAN_POINT ( 'NONE',  ( -1.000000000000000000, 0.8592893218813453249, -0.5750000000000000666 ) ) ;
#9 = CIRCLE ( 'NONE', #293, 0.05000000000000002359 ) ;
#10 = EDGE_CURVE ( 'NONE', #1195, #1260, #12, .T. ) ;
#11 = FACE_OUTER_BOUND ( 'NONE', #491, .T. ) ;
#12 = LINE ( 'NONE', #317, #1018 ) ;
#13 = ORIENTED_EDGE ( 'NONE', *, *, #599, .F. ) ;
#14 = ORIENTED_EDGE ( 'NONE', *, *, #323, .T. ) ;
#15 = DIRECTION ( 'NONE',  ( 0.000000000000000000, -1.000000000000000000, -0.000000000000000000 ) ) ;
#16 = ADVANCED_BREP_SHAPE_REPRESENTATION ( 'C0805C104K5RAC7800', ( #1229, #697, #261, #357 ), #892 ) ;
#17 = CARTESIAN_POINT ( 'NONE',  ( 0.000000000000000000, 0.8300000000000000711, 0.5749999999999996225 ) ) ;
#18 = EDGE_CURVE ( 'NONE', #1310, #363, #235, .T. ) ;
#19 = CARTESIAN_POINT ( 'NONE',  ( 0.4999999999911323156, 0.01666666666666659358, 0.5749999999999995115 ) ) ;
#20 = DIRECTION ( 'NONE',  ( 0.000000000000000000, 0.000000000000000000, -1.000000000000000000 ) ) ;
#21 = ORIENTED_EDGE ( 'NONE', *, *, #718, .T. ) ;
#22 = ORIENTED_EDGE ( 'NONE', *, *, #315, .T. ) ;
#23 = DIRECTION ( 'NONE',  ( 1.000000000000000000, 0.000000000000000000, 0.000000000000000000 ) ) ;
#24 = DIRECTION ( 'NONE',  ( -0.000000000000000000, -1.000000000000000000, 0.000000000000000000 ) ) ;
#25 = DIRECTION ( 'NONE',  ( 0.000000000000000000, -0.000000000000000000, 1.000000000000000000 ) ) ;
#26 = EDGE_CURVE ( 'NONE', #363, #756, #1194, .T. ) ;
#27 = ORIENTED_EDGE ( 'NONE', *, *, #1233, .F. ) ;
#28 = VECTOR ( 'NONE', #740, 1000.000000000000000 ) ;
#29 = CIRCLE ( 'NONE', #376, 0.05000000000000002359 ) ;
#30 = AXIS2_PLACEMENT_3D ( 'NONE', #1035, #894, #808 ) ;
#31 = LINE ( 'NONE', #1329, #1362 ) ;
#32 = STYLED_ITEM ( 'NONE', ( #41 ), #1229 ) ;
#33 = FACE_OUTER_BOUND ( 'NONE', #268, .T. ) ;
#34 = DIRECTION ( 'NONE',  ( -8.673617379884036705E-17, 0.000000000000000000, -1.000000000000000000 ) ) ;
#35 = ORIENTED_EDGE ( 'NONE', *, *, #1318, .F. ) ;
#36 = ORIENTED_EDGE ( 'NONE', *, *, #421, .F. ) ;
#37 = CARTESIAN_POINT ( 'NONE',  ( -1.000000000000000000, 0.04999999999999991951, -0.6250000000000001110 ) ) ;
#38 = ADVANCED_FACE ( 'NONE', ( #215 ), #109, .T. ) ;
#39 =( BOUNDED_SURFACE ( )  B_SPLINE_SURFACE ( 3, 3, ( 
 ( #122, #786, #1181, #1192 ),
 ( #127, #662, #232, #1081 ),
 ( #964, #773, #1301, #540 ),
 ( #765, #355, #1105, #433 ) ),
 .UNSPECIFIED., .F., .F., .T. ) 
 B_SPLINE_SURFACE_WITH_KNOTS ( ( 4, 4 ),
 ( 4, 4 ),
 ( 0.000000000000000000, 1.000000000000000000 ),
 ( 0.000000000000000000, 1.000000000000000000 ),
 .UNSPECIFIED. ) 
 GEOMETRIC_REPRESENTATION_ITEM ( )  RATIONAL_B_SPLINE_SURFACE ( (
 ( 1.000000000000000000, 0.8047378541243649375, 0.8047378541243649375, 1.000000000000000000),
 ( 0.8047378541243644934, 0.6476030138606873043, 0.6476030138606873043, 0.8047378541243644934),
 ( 0.8047378541243644934, 0.6476030138606873043, 0.6476030138606873043, 0.8047378541243644934),
 ( 1.000000000000000000, 0.8047378541243649375, 0.8047378541243649375, 1.000000000000000000) ) ) 
 REPRESENTATION_ITEM ( '' )  SURFACE ( )  );
#40 = CARTESIAN_POINT ( 'NONE',  ( -0.9499999999999999556, 0.8300000000000000711, -0.5750000000000000666 ) ) ;
#41 = PRESENTATION_STYLE_ASSIGNMENT (( #328 ) ) ;
#42 = LINE ( 'NONE', #138, #525 ) ;
#43 = CYLINDRICAL_SURFACE ( 'NONE', #466, 0.05000000000000002359 ) ;
#44 = ORIENTED_EDGE ( 'NONE', *, *, #121, .F. ) ;
#45 = CYLINDRICAL_SURFACE ( 'NONE', #645, 0.03333333333333324267 ) ;
#46 = ORIENTED_EDGE ( 'NONE', *, *, #609, .F. ) ;
#47 = EDGE_CURVE ( 'NONE', #743, #770, #350, .T. ) ;
#48 = CARTESIAN_POINT ( 'NONE',  ( -0.4999999999881765689, 0.8633333333333335080, -0.5750000000000000666 ) ) ;
#49 = CARTESIAN_POINT ( 'NONE',  ( -0.4999999999881765689, 0.8300000000000000711, 0.5749999999999996225 ) ) ;
#50 = ORIENTED_EDGE ( 'NONE', *, *, #522, .T. ) ;
#51 = AXIS2_PLACEMENT_3D ( 'NONE', #725, #748, #560 ) ;
#52 = DIRECTION ( 'NONE',  ( 0.000000000000000000, -0.000000000000000000, 1.000000000000000000 ) ) ;
#53 = VECTOR ( 'NONE', #1173, 1000.000000000000000 ) ;
#54 = DIRECTION ( 'NONE',  ( 0.000000000000000000, 0.000000000000000000, -1.000000000000000000 ) ) ;
#55 = AXIS2_PLACEMENT_3D ( 'NONE', #1358, #1272, #923 ) ;
#56 = ADVANCED_FACE ( 'NONE', ( #959 ), #551, .F. ) ;
#57 = PRESENTATION_LAYER_ASSIGNMENT (  '', '', ( #32 ) ) ;
#58 = CARTESIAN_POINT ( 'NONE',  ( -0.9499999999999999556, 0.8800000000000002265, -0.5749999999999999556 ) ) ;
#59 = STYLED_ITEM ( 'NONE', ( #597 ), #16 ) ;
#60 = ORIENTED_EDGE ( 'NONE', *, *, #370, .T. ) ;
#61 = DIRECTION ( 'NONE',  ( -1.000000000000000000, 0.000000000000000000, 8.673617379884036705E-17 ) ) ;
#62 = CARTESIAN_POINT ( 'NONE',  ( 0.9499999999999999556, 0.04999999999999991257, -0.5750000000000000666 ) ) ;
#63 = CARTESIAN_POINT ( 'NONE',  ( -0.9999999999999997780, 0.8300000000000000711, 1.734723475976806848E-16 ) ) ;
#64 = EDGE_CURVE ( 'NONE', #716, #78, #973, .T. ) ;
#65 = ORIENTED_EDGE ( 'NONE', *, *, #1137, .T. ) ;
#66 = CARTESIAN_POINT ( 'NONE',  ( -0.9792893218813449874, 0.8592893218813449918, 0.6249999999999994449 ) ) ;
#67 = DIRECTION ( 'NONE',  ( -0.000000000000000000, -1.000000000000000000, -0.000000000000000000 ) ) ;
#68 = CARTESIAN_POINT ( 'NONE',  ( -0.4999999999881765689, 0.8300000000000000711, 0.6083333333333331705 ) ) ;
#69 = PLANE ( 'NONE',  #1066 ) ;
#70 = ORIENTED_EDGE ( 'NONE', *, *, #337, .F. ) ;
#71 = FACE_OUTER_BOUND ( 'NONE', #1328, .T. ) ;
#72 = AXIS2_PLACEMENT_3D ( 'NONE', #441, #1098, #944 ) ;
#73 = CIRCLE ( 'NONE', #392, 0.05000000000000002359 ) ;
#74 = DIRECTION ( 'NONE',  ( 1.000000000000000000, 0.000000000000000000, -0.000000000000000000 ) ) ;
#75 = ORIENTED_EDGE ( 'NONE', *, *, #459, .F. ) ;
#76 = LINE ( 'NONE', #919, #53 ) ;
#77 = AXIS2_PLACEMENT_3D ( 'NONE', #1075, #541, #23 ) ;
#78 = VERTEX_POINT ( 'NONE', #132 ) ;
#79 = DIRECTION ( 'NONE',  ( 1.734723475976807341E-16, 0.000000000000000000, -1.000000000000000000 ) ) ;
#80 = ORIENTED_EDGE ( 'NONE', *, *, #986, .F. ) ;
#81 = DIRECTION ( 'NONE',  ( 1.000000000000000000, 0.000000000000000000, 0.000000000000000000 ) ) ;
#82 = ORIENTED_EDGE ( 'NONE', *, *, #816, .F. ) ;
#83 = EDGE_CURVE ( 'NONE', #203, #1195, #552, .T. ) ;
#84 = DIRECTION ( 'NONE',  ( 1.734723475976807341E-16, 0.000000000000000000, -1.000000000000000000 ) ) ;
#85 = ADVANCED_FACE ( 'NONE', ( #868 ), #1296, .F. ) ;
#86 = LINE ( 'NONE', #1145, #506 ) ;
#87 = ORIENTED_EDGE ( 'NONE', *, *, #1178, .F. ) ;
#88 = EDGE_LOOP ( 'NONE', ( #1368, #508, #1086, #1255 ) ) ;
#89 = FACE_OUTER_BOUND ( 'NONE', #134, .T. ) ;
#90 = CARTESIAN_POINT ( 'NONE',  ( -0.9999999999999997780, 0.8800000000000000044, 0.6249999999999996669 ) ) ;
#91 = FACE_OUTER_BOUND ( 'NONE', #1094, .T. ) ;
#92 = AXIS2_PLACEMENT_3D ( 'NONE', #1299, #1198, #241 ) ;
#93 = VERTEX_POINT ( 'NONE', #762 ) ;
#94 = VECTOR ( 'NONE', #67, 1000.000000000000000 ) ;
#95 = EDGE_LOOP ( 'NONE', ( #473, #1147, #248, #192 ) ) ;
#96 = AXIS2_PLACEMENT_3D ( 'NONE', #830, #1159, #422 ) ;
#97 = FACE_OUTER_BOUND ( 'NONE', #389, .T. ) ;
#98 = DIRECTION ( 'NONE',  ( 0.000000000000000000, 0.000000000000000000, 1.000000000000000000 ) ) ;
#99 = CARTESIAN_POINT ( 'NONE',  ( -0.9999999999999998890, 0.04999999999999997502, 0.6042893218813447653 ) ) ;
#100 = CARTESIAN_POINT ( 'NONE',  ( 0.9999999999999997780, 0.8592893218813453249, 0.5921572875253802160 ) ) ;
#101 = ADVANCED_FACE ( 'NONE', ( #238 ), #360, .F. ) ;
#102 = DIRECTION ( 'NONE',  ( -1.000000000000000000, 0.000000000000000000, 0.000000000000000000 ) ) ;
#103 = ORIENTED_EDGE ( 'NONE', *, *, #381, .T. ) ;
#104 = EDGE_LOOP ( 'NONE', ( #336, #179, #27, #1051, #528, #529, #1187, #1264 ) ) ;
#105 = PLANE ( 'NONE',  #190 ) ;
#106 = CARTESIAN_POINT ( 'NONE',  ( 0.4999999999999997780, 0.8800000000000002265, 0.5749999999999995115 ) ) ;
#107 = CARTESIAN_POINT ( 'NONE',  ( 0.9792893218813447653, 0.8800000000000002265, 0.6042893218813444323 ) ) ;
#108 = DIRECTION ( 'NONE',  ( -1.000000000000000000, 0.000000000000000000, 0.000000000000000000 ) ) ;
#109 = PLANE ( 'NONE',  #598 ) ;
#110 = VERTEX_POINT ( 'NONE', #263 ) ;
#111 = EDGE_CURVE ( 'NONE', #1320, #833, #1337, .T. ) ;
#112 = CARTESIAN_POINT ( 'NONE',  ( -0.9999999999999998890, 0.02071067811865482181, 0.5749999999999995115 ) ) ;
#113 = CARTESIAN_POINT ( 'NONE',  ( 0.9792893218813448764, 0.8799999999999996714, 0.5749999999999992895 ) ) ;
#114 = DIRECTION ( 'NONE',  ( 1.000000000000000000, 0.000000000000000000, 0.000000000000000000 ) ) ;
#115 = DIRECTION ( 'NONE',  ( 1.000000000000000000, -0.000000000000000000, -0.000000000000000000 ) ) ;
#116 = ORIENTED_EDGE ( 'NONE', *, *, #439, .F. ) ;
#117 = CLOSED_SHELL ( 'NONE', ( #1300, #818, #1096, #484, #56, #177, #431, #1270, #1083, #1165, #1271, #673, #1238, #1256, #649, #1039, #141, #976 ) ) ;
#118 = VERTEX_POINT ( 'NONE', #678 ) ;
#119 = VECTOR ( 'NONE', #1319, 1000.000000000000000 ) ;
#120 =( GEOMETRIC_REPRESENTATION_CONTEXT ( 3 ) GLOBAL_UNCERTAINTY_ASSIGNED_CONTEXT ( ( #490 ) ) GLOBAL_UNIT_ASSIGNED_CONTEXT ( ( #1302, #561, #988 ) ) REPRESENTATION_CONTEXT ( 'NONE', 'WORKASPACE' ) );
#121 = EDGE_CURVE ( 'NONE', #833, #854, #875, .T. ) ;
#122 = CARTESIAN_POINT ( 'NONE',  ( 0.9499999999999999556, 0.8800000000000002265, -0.5750000000000001776 ) ) ;
#123 = DIRECTION ( 'NONE',  ( 0.000000000000000000, -1.000000000000000000, 0.000000000000000000 ) ) ;
#124 = DIRECTION ( 'NONE',  ( -0.000000000000000000, 1.000000000000000000, -0.000000000000000000 ) ) ;
#125 = DIRECTION ( 'NONE',  ( 0.000000000000000000, 8.131516293641304949E-16, 1.000000000000000000 ) ) ;
#126 = ORIENTED_EDGE ( 'NONE', *, *, #216, .F. ) ;
#127 = CARTESIAN_POINT ( 'NONE',  ( 0.9792893218813453204, 0.8800000000000001155, -0.5750000000000001776 ) ) ;
#128 = DIRECTION ( 'NONE',  ( 1.000000000000000000, 0.000000000000000000, 0.000000000000000000 ) ) ;
#129 = LINE ( 'NONE', #865, #907 ) ;
#130 = ADVANCED_FACE ( 'NONE', ( #150 ), #1304, .F. ) ;
#131 = CARTESIAN_POINT ( 'NONE',  ( 0.9999999999999997780, 0.04999999999999991257, 0.5749999999999996225 ) ) ;
#132 = CARTESIAN_POINT ( 'NONE',  ( -0.9499999999999999556, 0.04999999999999994033, -0.6250000000000001110 ) ) ;
#133 = FACE_OUTER_BOUND ( 'NONE', #1, .T. ) ;
#134 = EDGE_LOOP ( 'NONE', ( #1201, #299, #1000, #596 ) ) ;
#135 = DIRECTION ( 'NONE',  ( -8.673617379884036705E-17, -0.000000000000000000, -1.000000000000000000 ) ) ;
#136 = LINE ( 'NONE', #222, #468 ) ;
#137 = SURFACE_SIDE_STYLE ('',( #774 ) ) ;
#138 = CARTESIAN_POINT ( 'NONE',  ( 0.9999999999999997780, 0.04999999999999991257, 0.6249999999999996669 ) ) ;
#139 = DIRECTION ( 'NONE',  ( 1.000000000000000000, 0.000000000000000000, 0.000000000000000000 ) ) ;
#140 = CARTESIAN_POINT ( 'NONE',  ( 0.000000000000000000, 0.8800000000000000044, 0.000000000000000000 ) ) ;
#141 = ADVANCED_FACE ( 'NONE', ( #572 ), #246, .F. ) ;
#142 = ORIENTED_EDGE ( 'NONE', *, *, #798, .T. ) ;
#143 = ORIENTED_EDGE ( 'NONE', *, *, #323, .F. ) ;
#144 = AXIS2_PLACEMENT_3D ( 'NONE', #1157, #212, #320 ) ;
#145 = CIRCLE ( 'NONE', #391, 0.05000000000000002359 ) ;
#146 = CARTESIAN_POINT ( 'NONE',  ( -0.9499999999999997335, 0.04999999999999991257, 0.6249999999999996669 ) ) ;
#147 = CARTESIAN_POINT ( 'NONE',  ( -0.9499999999999997335, 0.8300000000000000711, 0.5749999999999995115 ) ) ;
#148 = AXIS2_PLACEMENT_3D ( 'NONE', #379, #606, #1015 ) ;
#149 = AXIS2_PLACEMENT_3D ( 'NONE', #1345, #605, #1227 ) ;
#150 = FACE_OUTER_BOUND ( 'NONE', #398, .T. ) ;
#151 = ORIENTED_EDGE ( 'NONE', *, *, #1246, .T. ) ;
#152 = EDGE_CURVE ( 'NONE', #854, #1340, #616, .T. ) ;
#153 = ORIENTED_EDGE ( 'NONE', *, *, #1217, .F. ) ;
#154 = SURFACE_SIDE_STYLE ('',( #1212 ) ) ;
#155 = EDGE_CURVE ( 'NONE', #556, #514, #7, .T. ) ;
#156 = FILL_AREA_STYLE_COLOUR ( '', #1091 ) ;
#157 = DIRECTION ( 'NONE',  ( 0.000000000000000000, 0.000000000000000000, 1.000000000000000000 ) ) ;
#158 = CARTESIAN_POINT ( 'NONE',  ( 1.000000000000000000, 0.04999999999999991257, -0.6250000000000001110 ) ) ;
#159 = ORIENTED_EDGE ( 'NONE', *, *, #535, .T. ) ;
#160 = ADVANCED_FACE ( 'NONE', ( #849 ), #829, .T. ) ;
#161 = PRESENTATION_STYLE_ASSIGNMENT (( #676 ) ) ;
#162 = CARTESIAN_POINT ( 'NONE',  ( -0.9999999999999998890, 0.02071067811865475589, -0.5750000000000001776 ) ) ;
#163 = FACE_OUTER_BOUND ( 'NONE', #500, .T. ) ;
#164 = ORIENTED_EDGE ( 'NONE', *, *, #301, .T. ) ;
#165 = CARTESIAN_POINT ( 'NONE',  ( 0.000000000000000000, 0.8800000000000000044, 0.5749999999999996225 ) ) ;
#166 = CARTESIAN_POINT ( 'NONE',  ( 1.000000000000000000, 0.8800000000000000044, -0.5750000000000000666 ) ) ;
#167 = AXIS2_PLACEMENT_3D ( 'NONE', #335, #519, #34 ) ;
#168 = CARTESIAN_POINT ( 'NONE',  ( 0.4999999999911324267, 0.01666666666666659358, -0.5749999999999999556 ) ) ;
#169 = EDGE_CURVE ( 'NONE', #943, #93, #1052, .T. ) ;
#170 = CARTESIAN_POINT ( 'NONE',  ( 0.9999999999999998890, 0.02071067811865475589, 0.5749999999999996225 ) ) ;
#171 = AXIS2_PLACEMENT_3D ( 'NONE', #242, #1203, #339 ) ;
#172 = VERTEX_POINT ( 'NONE', #106 ) ;
#173 = CARTESIAN_POINT ( 'NONE',  ( -0.9792893218813448764, 0.8299999999999999600, 0.6249999999999993339 ) ) ;
#174 = CARTESIAN_POINT ( 'NONE',  ( 500000.0000000000582, 0.04999999999999991257, -0.6083333333767014794 ) ) ;
#175 = DIRECTION ( 'NONE',  ( 0.000000000000000000, 1.000000000000000000, 0.000000000000000000 ) ) ;
#176 = CARTESIAN_POINT ( 'NONE',  ( 500000.0000000000582, 0.8300000000000000711, 0.6083333332899650836 ) ) ;
#177 = ADVANCED_FACE ( 'NONE', ( #1171 ), #69, .F. ) ;
#178 = CARTESIAN_POINT ( 'NONE',  ( 0.9499999999999999556, 0.8300000000000000711, -0.6250000000000001110 ) ) ;
#179 = ORIENTED_EDGE ( 'NONE', *, *, #766, .F. ) ;
#180 = DIRECTION ( 'NONE',  ( -0.000000000000000000, -1.000000000000000000, -6.228473632827043154E-12 ) ) ;
#181 =( BOUNDED_SURFACE ( )  B_SPLINE_SURFACE ( 3, 3, ( 
 ( #698, #1120, #1224, #272 ),
 ( #587, #1131, #724, #404 ),
 ( #732, #839, #1268, #1242 ),
 ( #1156, #194, #1148, #915 ) ),
 .UNSPECIFIED., .F., .F., .T. ) 
 B_SPLINE_SURFACE_WITH_KNOTS ( ( 4, 4 ),
 ( 4, 4 ),
 ( 0.000000000000000000, 1.000000000000000000 ),
 ( 0.000000000000000000, 1.000000000000000000 ),
 .UNSPECIFIED. ) 
 GEOMETRIC_REPRESENTATION_ITEM ( )  RATIONAL_B_SPLINE_SURFACE ( (
 ( 1.000000000000000000, 0.8047378541243653816, 0.8047378541243653816, 1.000000000000000000),
 ( 0.8047378541243640493, 0.6476030138606873043, 0.6476030138606873043, 0.8047378541243640493),
 ( 0.8047378541243640493, 0.6476030138606873043, 0.6476030138606873043, 0.8047378541243640493),
 ( 1.000000000000000000, 0.8047378541243653816, 0.8047378541243653816, 1.000000000000000000) ) ) 
 REPRESENTATION_ITEM ( '' )  SURFACE ( )  );
#182 = ADVANCED_FACE ( 'NONE', ( #807 ), #511, .T. ) ;
#183 = EDGE_LOOP ( 'NONE', ( #1138, #1142, #918, #962 ) ) ;
#184 = APPLICATION_PROTOCOL_DEFINITION ( 'draft international standard', 'automotive_design', 1998, #1220 ) ;
#185 = CIRCLE ( 'NONE', #1023, 0.05000000000000002359 ) ;
#186 = DIRECTION ( 'NONE',  ( 1.000000000000000000, 0.000000000000000000, 0.000000000000000000 ) ) ;
#187 = AXIS2_PLACEMENT_3D ( 'NONE', #611, #373, #917 ) ;
#188 = VERTEX_POINT ( 'NONE', #1149 ) ;
#189 = DIRECTION ( 'NONE',  ( 1.000000000000000000, -0.000000000000000000, -0.000000000000000000 ) ) ;
#190 = AXIS2_PLACEMENT_3D ( 'NONE', #517, #510, #411 ) ;
#191 = ADVANCED_FACE ( 'NONE', ( #1038 ), #935, .F. ) ;
#192 = ORIENTED_EDGE ( 'NONE', *, *, #1137, .F. ) ;
#193 = ADVANCED_FACE ( 'NONE', ( #618 ), #405, .T. ) ;
#194 = CARTESIAN_POINT ( 'NONE',  ( 1.000000000000000222, 0.05000000000000000971, -0.5750000000000000666 ) ) ;
#195 = DIRECTION ( 'NONE',  ( 0.000000000000000000, 0.000000000000000000, -1.000000000000000000 ) ) ;
#196 = CARTESIAN_POINT ( 'NONE',  ( 0.9499999999999997335, 0.8300000000000001821, 0.6249999999999995559 ) ) ;
#197 = ORIENTED_EDGE ( 'NONE', *, *, #1111, .F. ) ;
#198 =( LENGTH_UNIT ( ) NAMED_UNIT ( * ) SI_UNIT ( .MILLI., .METRE. ) );
#199 = ORIENTED_EDGE ( 'NONE', *, *, #570, .T. ) ;
#200 = ADVANCED_FACE ( 'NONE', ( #427 ), #758, .T. ) ;
#201 = CARTESIAN_POINT ( 'NONE',  ( -0.9792893218813447653, 4.490912441978695808E-17, 0.6042893218813447653 ) ) ;
#202 = CARTESIAN_POINT ( 'NONE',  ( 0.000000000000000000, 0.8300000000000000711, -0.6250000000000001110 ) ) ;
#203 = VERTEX_POINT ( 'NONE', #444 ) ;
#204 = LINE ( 'NONE', #627, #755 ) ;
#205 = DIRECTION ( 'NONE',  ( -1.000000000000000000, 0.000000000000000000, -0.000000000000000000 ) ) ;
#206 = ADVANCED_FACE ( 'NONE', ( #654 ), #772, .T. ) ;
#207 = CARTESIAN_POINT ( 'NONE',  ( 0.9999999999999997780, 0.8300000000000001821, 0.5749999999999996225 ) ) ;
#208 = ORIENTED_EDGE ( 'NONE', *, *, #701, .T. ) ;
#209 = ORIENTED_EDGE ( 'NONE', *, *, #543, .F. ) ;
#210 = AXIS2_PLACEMENT_3D ( 'NONE', #1219, #1350, #911 ) ;
#211 = CARTESIAN_POINT ( 'NONE',  ( 0.4999999999911323156, 0.8633333333333335080, 0.5749999999999995115 ) ) ;
#212 = DIRECTION ( 'NONE',  ( 1.734723475976807341E-16, 0.000000000000000000, 1.000000000000000000 ) ) ;
#213 = DIRECTION ( 'NONE',  ( 1.000000000000000000, 0.000000000000000000, -0.000000000000000000 ) ) ;
#214 = CARTESIAN_POINT ( 'NONE',  ( 0.4999999999999998890, 0.8800000000000000044, -0.5750000000000000666 ) ) ;
#215 = FACE_OUTER_BOUND ( 'NONE', #1073, .T. ) ;
#216 = EDGE_CURVE ( 'NONE', #1310, #78, #554, .T. ) ;
#217 = ORIENTED_EDGE ( 'NONE', *, *, #946, .T. ) ;
#218 = CARTESIAN_POINT ( 'NONE',  ( -0.4999999999881765689, 0.8300000000000000711, 0.6083333333333331705 ) ) ;
#219 = LINE ( 'NONE', #303, #530 ) ;
#220 = ORIENTED_EDGE ( 'NONE', *, *, #633, .F. ) ;
#221 = DIRECTION ( 'NONE',  ( 0.000000000000000000, 0.000000000000000000, -1.000000000000000000 ) ) ;
#222 = CARTESIAN_POINT ( 'NONE',  ( 0.9499999999999999556, 0.8800000000000000044, -0.6250000000000001110 ) ) ;
#223 = FACE_OUTER_BOUND ( 'NONE', #615, .T. ) ;
#224 = DIRECTION ( 'NONE',  ( 0.000000000000000000, 0.000000000000000000, 1.000000000000000000 ) ) ;
#225 = ORIENTED_EDGE ( 'NONE', *, *, #308, .T. ) ;
#226 = AXIS2_PLACEMENT_3D ( 'NONE', #90, #501, #205 ) ;
#227 = VECTOR ( 'NONE', #1202, 1000.000000000000000 ) ;
#228 = EDGE_LOOP ( 'NONE', ( #746, #861, #225, #737 ) ) ;
#229 = DIRECTION ( 'NONE',  ( 8.673617379884036705E-17, 0.000000000000000000, -1.000000000000000000 ) ) ;
#230 = VECTOR ( 'NONE', #537, 1000.000000000000000 ) ;
#231 = AXIS2_PLACEMENT_3D ( 'NONE', #796, #1222, #684 ) ;
#232 = CARTESIAN_POINT ( 'NONE',  ( 0.9792893218813452094, 0.8592893218813451028, -0.6250000000000003331 ) ) ;
#233 = DIRECTION ( 'NONE',  ( 0.000000000000000000, 0.000000000000000000, 1.000000000000000000 ) ) ;
#234 = CARTESIAN_POINT ( 'NONE',  ( 0.9499999999999999556, 0.8300000000000000711, -0.5750000000000000666 ) ) ;
#235 = LINE ( 'NONE', #735, #437 ) ;
#236 = ORIENTED_EDGE ( 'NONE', *, *, #599, .T. ) ;
#237 = DIRECTION ( 'NONE',  ( -1.000000000000000000, 0.000000000000000000, 8.673617379884036705E-17 ) ) ;
#238 = FACE_OUTER_BOUND ( 'NONE', #1253, .T. ) ;
#239 = VERTEX_POINT ( 'NONE', #146 ) ;
#240 = DIRECTION ( 'NONE',  ( 0.000000000000000000, 0.000000000000000000, -1.000000000000000000 ) ) ;
#241 = DIRECTION ( 'NONE',  ( 0.000000000000000000, 0.000000000000000000, -1.000000000000000000 ) ) ;
#242 = CARTESIAN_POINT ( 'NONE',  ( -0.4999999999881765689, 0.8300000000000000711, -0.5750000000000000666 ) ) ;
#243 = LINE ( 'NONE', #1323, #1313 ) ;
#244 = EDGE_CURVE ( 'NONE', #683, #1309, #450, .T. ) ;
#245 = DIRECTION ( 'NONE',  ( 1.000000000000000000, -0.000000000000000000, -8.673617379884036705E-17 ) ) ;
#246 = PLANE ( 'NONE',  #523 ) ;
#247 = CLOSED_SHELL ( 'NONE', ( #85, #101, #1031, #914, #1349, #1326, #1190, #745, #931, #200 ) ) ;
#248 = ORIENTED_EDGE ( 'NONE', *, *, #940, .F. ) ;
#249 = CARTESIAN_POINT ( 'NONE',  ( -0.9499999999999997335, 0.8800000000000000044, 0.6249999999999996669 ) ) ;
#250 = AXIS2_PLACEMENT_3D ( 'NONE', #1030, #114, #717 ) ;
#251 = CYLINDRICAL_SURFACE ( 'NONE', #1155, 0.05000000000000002359 ) ;
#252 = VECTOR ( 'NONE', #102, 1000.000000000000000 ) ;
#253 = CIRCLE ( 'NONE', #1184, 0.05000000000000002359 ) ;
#254 = DIRECTION ( 'NONE',  ( 1.000000000000000000, -0.000000000000000000, -8.673617379884036705E-17 ) ) ;
#255 = LINE ( 'NONE', #972, #706 ) ;
#256 = EDGE_LOOP ( 'NONE', ( #35, #1097, #126 ) ) ;
#257 = LINE ( 'NONE', #158, #119 ) ;
#258 = ORIENTED_EDGE ( 'NONE', *, *, #1343, .F. ) ;
#259 = CARTESIAN_POINT ( 'NONE',  ( 0.9499999999999997335, 0.000000000000000000, 0.000000000000000000 ) ) ;
#260 = CARTESIAN_POINT ( 'NONE',  ( -1.000000000000000000, 0.05000000000000000278, -0.5750000000000001776 ) ) ;
#261 = MANIFOLD_SOLID_BREP ( 'Combine3', #117 ) ;
#262 = CARTESIAN_POINT ( 'NONE',  ( 0.9999999999999997780, 0.8300000000000000711, 0.6249999999999996669 ) ) ;
#263 = CARTESIAN_POINT ( 'NONE',  ( -0.4999999999881765689, 0.01666666666666666990, -0.5749999999999999556 ) ) ;
#264 = ORIENTED_EDGE ( 'NONE', *, *, #522, .F. ) ;
#265 = DIRECTION ( 'NONE',  ( 0.000000000000000000, 0.000000000000000000, 1.000000000000000000 ) ) ;
#266 = LINE ( 'NONE', #680, #729 ) ;
#267 = CARTESIAN_POINT ( 'NONE',  ( 0.000000000000000000, 0.000000000000000000, 0.000000000000000000 ) ) ;
#268 = EDGE_LOOP ( 'NONE', ( #14, #418, #1210, #960 ) ) ;
#269 = DIRECTION ( 'NONE',  ( 0.000000000000000000, -0.000000000000000000, -1.000000000000000000 ) ) ;
#270 = AXIS2_PLACEMENT_3D ( 'NONE', #1197, #872, #240 ) ;
#271 = EDGE_CURVE ( 'NONE', #110, #343, #771, .T. ) ;
#272 = CARTESIAN_POINT ( 'NONE',  ( 0.9499999999999997335, 0.000000000000000000, -0.5750000000000000666 ) ) ;
#273 = CARTESIAN_POINT ( 'NONE',  ( 0.9792893218813450984, 1.853533701954390791E-17, 0.5749999999999994005 ) ) ;
#274 = AXIS2_PLACEMENT_3D ( 'NONE', #691, #180, #681 ) ;
#275 = AXIS2_PLACEMENT_3D ( 'NONE', #1005, #1338, #589 ) ;
#276 = CARTESIAN_POINT ( 'NONE',  ( -1.000000000000000000, 0.8800000000000000044, -0.6250000000000001110 ) ) ;
#277 = ORIENTED_EDGE ( 'NONE', *, *, #111, .T. ) ;
#278 =( NAMED_UNIT ( * ) SI_UNIT ( $, .STERADIAN. ) SOLID_ANGLE_UNIT ( ) );
#279 = CARTESIAN_POINT ( 'NONE',  ( -0.9999999999999998890, 0.8300000000000001821, 0.5749999999999995115 ) ) ;
#280 = EDGE_CURVE ( 'NONE', #1103, #912, #1288, .T. ) ;
#281 = ORIENTED_EDGE ( 'NONE', *, *, #633, .T. ) ;
#282 = FACE_OUTER_BOUND ( 'NONE', #401, .T. ) ;
#283 = CARTESIAN_POINT ( 'NONE',  ( -0.9999999999999997780, 0.04999999999999991257, 0.5749999999999995115 ) ) ;
#284 = EDGE_CURVE ( 'NONE', #943, #239, #344, .T. ) ;
#285 = ORIENTED_EDGE ( 'NONE', *, *, #121, .T. ) ;
#286 = EDGE_CURVE ( 'NONE', #770, #203, #1282, .T. ) ;
#287 = PRODUCT_RELATED_PRODUCT_CATEGORY ( 'part', '', ( #306 ) ) ;
#288 = VERTEX_POINT ( 'NONE', #557 ) ;
#289 = CARTESIAN_POINT ( 'NONE',  ( 0.9499999999999999556, 0.04999999999999991257, -0.5750000000000000666 ) ) ;
#290 = VECTOR ( 'NONE', #1080, 1000.000000000000000 ) ;
#291 = CARTESIAN_POINT ( 'NONE',  ( -0.4999999999881765689, 0.04999999999999991257, 0.6083333333333330595 ) ) ;
#292 = AXIS2_PLACEMENT_3D ( 'NONE', #147, #1312, #445 ) ;
#293 = AXIS2_PLACEMENT_3D ( 'NONE', #518, #1164, #128 ) ;
#294 = ORIENTED_EDGE ( 'NONE', *, *, #451, .F. ) ;
#295 =( LENGTH_UNIT ( ) NAMED_UNIT ( * ) SI_UNIT ( .MILLI., .METRE. ) );
#296 = CARTESIAN_POINT ( 'NONE',  ( 0.000000000000000000, 0.8800000000000000044, -0.5750000000000000666 ) ) ;
#297 = CARTESIAN_POINT ( 'NONE',  ( -0.9499999999999997335, 0.04999999999999994726, 0.6249999999999995559 ) ) ;
#298 = PLANE ( 'NONE',  #1206 ) ;
#299 = ORIENTED_EDGE ( 'NONE', *, *, #1286, .T. ) ;
#300 = ORIENTED_EDGE ( 'NONE', *, *, #766, .T. ) ;
#301 = EDGE_CURVE ( 'NONE', #494, #288, #426, .T. ) ;
#302 = CARTESIAN_POINT ( 'NONE',  ( -0.9499999999999999556, 0.8300000000000000711, -0.6250000000000001110 ) ) ;
#303 = CARTESIAN_POINT ( 'NONE',  ( 500000.0000000000582, 0.8633333333333335080, -0.5750000000000000666 ) ) ;
#304 = DIRECTION ( 'NONE',  ( 1.000000000000000000, 0.000000000000000000, -0.000000000000000000 ) ) ;
#305 = EDGE_LOOP ( 'NONE', ( #608, #1235, #324, #349 ) ) ;
#306 = PRODUCT ( 'C0805C104K5RAC7800', 'C0805C104K5RAC7800', '', ( #1129 ) ) ;
#307 = DIRECTION ( 'NONE',  ( 0.000000000000000000, -0.000000000000000000, -1.000000000000000000 ) ) ;
#308 = EDGE_CURVE ( 'NONE', #239, #563, #546, .T. ) ;
#309 = AXIS2_PLACEMENT_3D ( 'NONE', #1204, #995, #54 ) ;
#310 = AXIS2_PLACEMENT_3D ( 'NONE', #901, #588, #1225 ) ;
#311 = VECTOR ( 'NONE', #175, 1000.000000000000000 ) ;
#312 = CARTESIAN_POINT ( 'NONE',  ( -0.4999999999999997780, 0.8800000000000000044, 0.6249999999999996669 ) ) ;
#313 = CARTESIAN_POINT ( 'NONE',  ( -0.9792893218813452094, 0.8592893218813455469, -0.6250000000000001110 ) ) ;
#314 = DIRECTION ( 'NONE',  ( 1.000000000000000000, 0.000000000000000000, 0.000000000000000000 ) ) ;
#315 = EDGE_CURVE ( 'NONE', #1009, #1025, #644, .T. ) ;
#316 = CARTESIAN_POINT ( 'NONE',  ( 1.000000000000000000, 0.04999999999999991257, -0.6250000000000001110 ) ) ;
#317 = CARTESIAN_POINT ( 'NONE',  ( 0.4999999999999998890, 0.8633333333333335080, -0.6250000000000001110 ) ) ;
#318 = ORIENTED_EDGE ( 'NONE', *, *, #26, .F. ) ;
#319 = CARTESIAN_POINT ( 'NONE',  ( -0.9499999999999999556, -5.421010862427522170E-17, -0.5750000000000000666 ) ) ;
#320 = DIRECTION ( 'NONE',  ( 1.000000000000000000, 0.000000000000000000, 0.000000000000000000 ) ) ;
#321 = CARTESIAN_POINT ( 'NONE',  ( -0.9792893218813453204, 0.8800000000000002265, -0.5749999999999998446 ) ) ;
#322 = FILL_AREA_STYLE_COLOUR ( '', #785 ) ;
#323 = EDGE_CURVE ( 'NONE', #239, #363, #841, .T. ) ;
#324 = ORIENTED_EDGE ( 'NONE', *, *, #451, .T. ) ;
#325 = VERTEX_POINT ( 'NONE', #660 ) ;
#326 = CARTESIAN_POINT ( 'NONE',  ( 0.4999999999999998890, 0.01666666666666656582, -0.6250000000000001110 ) ) ;
#327 = CYLINDRICAL_SURFACE ( 'NONE', #824, 0.03333333333333334675 ) ;
#328 = SURFACE_STYLE_USAGE ( .BOTH. , #137 ) ;
#329 = FACE_OUTER_BOUND ( 'NONE', #802, .T. ) ;
#330 = EDGE_LOOP ( 'NONE', ( #968, #877, #1079, #855 ) ) ;
#331 = VECTOR ( 'NONE', #449, 1000.000000000000000 ) ;
#332 = ORIENTED_EDGE ( 'NONE', *, *, #301, .F. ) ;
#333 = DIRECTION ( 'NONE',  ( -0.000000000000000000, 1.000000000000000000, 0.000000000000000000 ) ) ;
#334 = MECHANICAL_DESIGN_GEOMETRIC_PRESENTATION_REPRESENTATION (  '', ( #668 ), #1292 ) ;
#335 = CARTESIAN_POINT ( 'NONE',  ( -0.4999999999999997780, 0.8300000000000000711, -0.5750000000000000666 ) ) ;
#336 = ORIENTED_EDGE ( 'NONE', *, *, #569, .F. ) ;
#337 = EDGE_CURVE ( 'NONE', #4, #716, #438, .T. ) ;
#338 = CARTESIAN_POINT ( 'NONE',  ( 0.4999999999999997780, 0.04999999999999991257, 0.6249999999999996669 ) ) ;
#339 = DIRECTION ( 'NONE',  ( 0.000000000000000000, 0.000000000000000000, 1.000000000000000000 ) ) ;
#340 = DIRECTION ( 'NONE',  ( 0.000000000000000000, 0.000000000000000000, 1.000000000000000000 ) ) ;
#341 = DIRECTION ( 'NONE',  ( -1.000000000000000000, 0.000000000000000000, 8.673617379884036705E-17 ) ) ;
#342 = CARTESIAN_POINT ( 'NONE',  ( 0.4999999999999998890, 0.04999999999999991257, -0.5750000000000000666 ) ) ;
#343 = VERTEX_POINT ( 'NONE', #1064 ) ;
#344 = LINE ( 'NONE', #1189, #290 ) ;
#345 = CARTESIAN_POINT ( 'NONE',  ( 500000.0000000000582, 0.04999999999999991257, 0.5749999999566315356 ) ) ;
#346 = CARTESIAN_POINT ( 'NONE',  ( -1.000000000000000000, 0.05000000000000002359, -0.5750000000000000666 ) ) ;
#347 = EDGE_CURVE ( 'NONE', #118, #1320, #954, .T. ) ;
#348 = LINE ( 'NONE', #262, #603 ) ;
#349 = ORIENTED_EDGE ( 'NONE', *, *, #280, .T. ) ;
#350 = CIRCLE ( 'NONE', #1134, 0.03333333333333324267 ) ;
#351 = ORIENTED_EDGE ( 'NONE', *, *, #1374, .T. ) ;
#352 = LINE ( 'NONE', #259, #751 ) ;
#353 = AXIS2_PLACEMENT_3D ( 'NONE', #62, #1321, #1237 ) ;
#354 = CIRCLE ( 'NONE', #685, 0.05000000000000002359 ) ;
#355 = CARTESIAN_POINT ( 'NONE',  ( 1.000000000000000000, 0.8300000000000000711, -0.5750000000000001776 ) ) ;
#356 = AXIS2_PLACEMENT_3D ( 'NONE', #1180, #739, #265 ) ;
#357 = AXIS2_PLACEMENT_3D ( 'NONE', #810, #1236, #1037 ) ;
#358 = CARTESIAN_POINT ( 'NONE',  ( 0.4999999999999998890, 0.8800000000000000044, -0.6250000000000001110 ) ) ;
#359 = DIRECTION ( 'NONE',  ( -0.000000000000000000, -1.000000000000000000, -0.000000000000000000 ) ) ;
#360 = PLANE ( 'NONE',  #820 ) ;
#361 = EDGE_CURVE ( 'NONE', #1025, #743, #856, .T. ) ;
#362 = DIRECTION ( 'NONE',  ( 1.000000000000000000, 0.000000000000000000, 0.000000000000000000 ) ) ;
#363 = VERTEX_POINT ( 'NONE', #1341 ) ;
#364 = APPLICATION_CONTEXT ( 'automotive_design' ) ;
#365 = DIRECTION ( 'NONE',  ( 1.000000000000000000, 0.000000000000000000, 0.000000000000000000 ) ) ;
#366 = DIRECTION ( 'NONE',  ( 0.000000000000000000, 8.131516293641304949E-16, 1.000000000000000000 ) ) ;
#367 = DIRECTION ( 'NONE',  ( -1.000000000000000000, 0.000000000000000000, 0.000000000000000000 ) ) ;
#368 = ORIENTED_EDGE ( 'NONE', *, *, #244, .F. ) ;
#369 = DIRECTION ( 'NONE',  ( -1.000000000000000000, -0.000000000000000000, 0.000000000000000000 ) ) ;
#370 = EDGE_CURVE ( 'NONE', #1281, #854, #185, .T. ) ;
#371 = LINE ( 'NONE', #686, #94 ) ;
#372 = DIRECTION ( 'NONE',  ( -1.000000000000000000, -0.000000000000000000, -0.000000000000000000 ) ) ;
#373 = DIRECTION ( 'NONE',  ( -0.000000000000000000, -7.666051637451653728E-12, 1.000000000000000000 ) ) ;
#374 = ORIENTED_EDGE ( 'NONE', *, *, #361, .T. ) ;
#375 = CARTESIAN_POINT ( 'NONE',  ( -0.9999999999999996669, 0.8592893218813453249, 0.5921572875253804380 ) ) ;
#376 = AXIS2_PLACEMENT_3D ( 'NONE', #1022, #643, #81 ) ;
#377 = CIRCLE ( 'NONE', #1158, 0.05000000000000002359 ) ;
#378 = CARTESIAN_POINT ( 'NONE',  ( 0.000000000000000000, 0.8800000000000002265, 0.5749999999999996225 ) ) ;
#379 = CARTESIAN_POINT ( 'NONE',  ( -0.4999999999999998890, 0.8800000000000000044, -0.6250000000000001110 ) ) ;
#380 = ORIENTED_EDGE ( 'NONE', *, *, #759, .F. ) ;
#381 = EDGE_CURVE ( 'NONE', #869, #716, #464, .T. ) ;
#382 = LINE ( 'NONE', #1141, #1205 ) ;
#383 = ORIENTED_EDGE ( 'NONE', *, *, #515, .F. ) ;
#384 = ORIENTED_EDGE ( 'NONE', *, *, #152, .T. ) ;
#385 = CARTESIAN_POINT ( 'NONE',  ( 0.9499999999999998446, 0.8300000000000000711, 1.647987302177966740E-16 ) ) ;
#386 = CARTESIAN_POINT ( 'NONE',  ( 0.000000000000000000, 0.000000000000000000, 0.000000000000000000 ) ) ;
#387 = EDGE_CURVE ( 'NONE', #942, #974, #992, .T. ) ;
#388 = ORIENTED_EDGE ( 'NONE', *, *, #805, .T. ) ;
#389 = EDGE_LOOP ( 'NONE', ( #871, #380, #913, #702 ) ) ;
#390 = CARTESIAN_POINT ( 'NONE',  ( 0.9999999999999997780, 0.05000000000000002359, 0.5749999999999997335 ) ) ;
#391 = AXIS2_PLACEMENT_3D ( 'NONE', #851, #123, #397 ) ;
#392 = AXIS2_PLACEMENT_3D ( 'NONE', #342, #362, #769 ) ;
#393 = EDGE_CURVE ( 'NONE', #837, #1056, #414, .T. ) ;
#394 = CARTESIAN_POINT ( 'NONE',  ( -1.000000000000000000, 0.04999999999999991951, -0.6250000000000001110 ) ) ;
#395 = ORIENTED_EDGE ( 'NONE', *, *, #521, .F. ) ;
#396 = FILL_AREA_STYLE ('',( #1333 ) ) ;
#397 = DIRECTION ( 'NONE',  ( 0.000000000000000000, 0.000000000000000000, -1.000000000000000000 ) ) ;
#398 = EDGE_LOOP ( 'NONE', ( #900, #1240, #395, #509 ) ) ;
#399 = CARTESIAN_POINT ( 'NONE',  ( -0.9499999999999999556, 0.8592893218813454359, -0.6250000000000000000 ) ) ;
#400 = DIRECTION ( 'NONE',  ( -1.000000000000000000, 0.000000000000000000, 8.673617379884036705E-17 ) ) ;
#401 = EDGE_LOOP ( 'NONE', ( #36, #46, #1146 ) ) ;
#402 = UNCERTAINTY_MEASURE_WITH_UNIT (LENGTH_MEASURE( 1.000000000000000082E-05 ), #198, 'distance_accuracy_value', 'NONE');
#403 = ADVANCED_FACE ( 'NONE', ( #282 ), #1356, .T. ) ;
#404 = CARTESIAN_POINT ( 'NONE',  ( 0.9792893218813449874, -1.084202172485504311E-16, -0.5750000000000000666 ) ) ;
#405 = CYLINDRICAL_SURFACE ( 'NONE', #51, 0.05000000000000002359 ) ;
#406 = FACE_OUTER_BOUND ( 'NONE', #564, .T. ) ;
#407 = CARTESIAN_POINT ( 'NONE',  ( 0.9999999999999998890, 0.8300000000000001821, 0.5749999999999992895 ) ) ;
#408 = CARTESIAN_POINT ( 'NONE',  ( 500000.0000000000582, 0.01666666666666666644, 0.5749999999566314246 ) ) ;
#409 = ORIENTED_EDGE ( 'NONE', *, *, #1024, .F. ) ;
#410 = EDGE_CURVE ( 'NONE', #854, #1056, #352, .T. ) ;
#411 = DIRECTION ( 'NONE',  ( 0.000000000000000000, -0.000000000000000000, 1.000000000000000000 ) ) ;
#412 = CARTESIAN_POINT ( 'NONE',  ( -0.9792893218813453204, 0.8300000000000001821, -0.6250000000000001110 ) ) ;
#413 = VECTOR ( 'NONE', #891, 1000.000000000000000 ) ;
#414 = CIRCLE ( 'NONE', #353, 0.05000000000000002359 ) ;
#415 = CARTESIAN_POINT ( 'NONE',  ( 0.9999999999999997780, 0.8800000000000000044, 0.5749999999999996225 ) ) ;
#416 = EDGE_LOOP ( 'NONE', ( #50, #967, #591, #217 ) ) ;
#417 = AXIS2_PLACEMENT_3D ( 'NONE', #276, #1019, #74 ) ;
#418 = ORIENTED_EDGE ( 'NONE', *, *, #26, .T. ) ;
#419 = DIRECTION ( 'NONE',  ( -1.734723475976807341E-16, -0.000000000000000000, -1.000000000000000000 ) ) ;
#420 = CARTESIAN_POINT ( 'NONE',  ( -0.4999999999881765689, 0.8633333333333335080, -0.5750000000433681535 ) ) ;
#421 = EDGE_CURVE ( 'NONE', #1359, #563, #997, .T. ) ;
#422 = DIRECTION ( 'NONE',  ( 0.000000000000000000, 0.000000000000000000, 1.000000000000000000 ) ) ;
#423 = DIRECTION ( 'NONE',  ( 0.000000000000000000, 0.000000000000000000, 1.000000000000000000 ) ) ;
#424 = DIRECTION ( 'NONE',  ( 1.000000000000000000, -0.000000000000000000, -8.673617379884036705E-17 ) ) ;
#425 = ORIENTED_EDGE ( 'NONE', *, *, #1167, .F. ) ;
#426 = LINE ( 'NONE', #848, #503 ) ;
#427 = FACE_OUTER_BOUND ( 'NONE', #1196, .T. ) ;
#428 = CARTESIAN_POINT ( 'NONE',  ( -0.4999999999999998890, 0.04999999999999991257, -0.6250000000000001110 ) ) ;
#429 = CYLINDRICAL_SURFACE ( 'NONE', #1269, 0.05000000000000002359 ) ;
#430 = DIRECTION ( 'NONE',  ( -1.000000000000000000, 0.000000000000000000, -0.000000000000000000 ) ) ;
#431 = ADVANCED_FACE ( 'NONE', ( #499 ), #1058, .T. ) ;
#432 = EDGE_LOOP ( 'NONE', ( #924, #1249, #1061, #575 ) ) ;
#433 = CARTESIAN_POINT ( 'NONE',  ( 1.000000000000000000, 0.8299999999999997380, -0.5749999999999999556 ) ) ;
#434 = CARTESIAN_POINT ( 'NONE',  ( -1.000000000000000000, 0.03284271247461906240, -0.6042893218813453204 ) ) ;
#435 = CARTESIAN_POINT ( 'NONE',  ( 0.9499999999999997335, 0.8300000000000000711, 0.6249999999999996669 ) ) ;
#436 = DIRECTION ( 'NONE',  ( 1.000000000000000000, -0.000000000000000000, -8.673617379884036705E-17 ) ) ;
#437 = VECTOR ( 'NONE', #25, 1000.000000000000000 ) ;
#438 = CIRCLE ( 'NONE', #619, 0.05000000000000002359 ) ;
#439 = EDGE_CURVE ( 'NONE', #498, #1043, #145, .T. ) ;
#440 = ORIENTED_EDGE ( 'NONE', *, *, #1343, .T. ) ;
#441 = CARTESIAN_POINT ( 'NONE',  ( 0.4999999999881765689, 0.04999999999999991257, 0.5749999999999996225 ) ) ;
#442 = VECTOR ( 'NONE', #79, 1000.000000000000000 ) ;
#443 = VECTOR ( 'NONE', #620, 1000.000000000000000 ) ;
#444 = CARTESIAN_POINT ( 'NONE',  ( 0.4999999999911324267, 0.8300000000000000711, -0.6083333333333333925 ) ) ;
#445 = DIRECTION ( 'NONE',  ( 1.000000000000000000, 0.000000000000000000, 0.000000000000000000 ) ) ;
#446 = DIRECTION ( 'NONE',  ( 1.000000000000000000, -0.000000000000000000, 0.000000000000000000 ) ) ;
#447 = ORIENTED_EDGE ( 'NONE', *, *, #152, .F. ) ;
#448 = VERTEX_POINT ( 'NONE', #750 ) ;
#449 = DIRECTION ( 'NONE',  ( 0.000000000000000000, -0.000000000000000000, 1.000000000000000000 ) ) ;
#450 = LINE ( 'NONE', #880, #227 ) ;
#451 = EDGE_CURVE ( 'NONE', #363, #1103, #29, .T. ) ;
#452 = DIRECTION ( 'NONE',  ( 0.000000000000000000, 0.000000000000000000, 1.000000000000000000 ) ) ;
#453 = DIRECTION ( 'NONE',  ( 0.000000000000000000, 0.000000000000000000, -1.000000000000000000 ) ) ;
#454 = VERTEX_POINT ( 'NONE', #428 ) ;
#455 = ORIENTED_EDGE ( 'NONE', *, *, #879, .F. ) ;
#456 = CARTESIAN_POINT ( 'NONE',  ( -1.000000000000000000, 0.8300000000000000711, -0.6250000000000001110 ) ) ;
#457 = DIRECTION ( 'NONE',  ( 1.000000000000000000, -0.000000000000000000, -0.000000000000000000 ) ) ;
#458 = CARTESIAN_POINT ( 'NONE',  ( 0.9499999999999997335, 0.8800000000000002265, 0.5750000000000955458 ) ) ;
#459 = EDGE_CURVE ( 'NONE', #1265, #1274, #76, .T. ) ;
#460 = CARTESIAN_POINT ( 'NONE',  ( 1.000000000000000000, 0.8800000000000000044, -0.6250000000000001110 ) ) ;
#461 = CARTESIAN_POINT ( 'NONE',  ( 1.000000000000000000, 0.8300000000000000711, -0.5750000000000000666 ) ) ;
#462 = DIRECTION ( 'NONE',  ( 1.000000000000000000, 0.000000000000000000, -0.000000000000000000 ) ) ;
#463 = ORIENTED_EDGE ( 'NONE', *, *, #155, .F. ) ;
#464 = LINE ( 'NONE', #456, #1290 ) ;
#465 = AXIS2_PLACEMENT_3D ( 'NONE', #874, #989, #366 ) ;
#466 = AXIS2_PLACEMENT_3D ( 'NONE', #990, #1193, #1101 ) ;
#467 =( LENGTH_UNIT ( ) NAMED_UNIT ( * ) SI_UNIT ( .MILLI., .METRE. ) );
#468 = VECTOR ( 'NONE', #650, 1000.000000000000000 ) ;
#469 = CARTESIAN_POINT ( 'NONE',  ( 0.9999999999999997780, 0.8300000000000000711, 0.5749999999999996225 ) ) ;
#470 = DIRECTION ( 'NONE',  ( 0.000000000000000000, 0.000000000000000000, -1.000000000000000000 ) ) ;
#471 = DIRECTION ( 'NONE',  ( 0.000000000000000000, -0.000000000000000000, 1.000000000000000000 ) ) ;
#472 = CARTESIAN_POINT ( 'NONE',  ( 0.4999999999911324267, 0.04999999999999991257, -0.6083333333333333925 ) ) ;
#473 = ORIENTED_EDGE ( 'NONE', *, *, #286, .F. ) ;
#474 = DIRECTION ( 'NONE',  ( 0.000000000000000000, 0.000000000000000000, 1.000000000000000000 ) ) ;
#475 = CARTESIAN_POINT ( 'NONE',  ( -0.9499999999999997335, 0.8592893218813451028, 0.6249999999999994449 ) ) ;
#476 = CARTESIAN_POINT ( 'NONE',  ( 0.9999999999999997780, 0.02071067811865469344, 0.5921572875253806600 ) ) ;
#477 = DIRECTION ( 'NONE',  ( 0.000000000000000000, -0.000000000000000000, 1.000000000000000000 ) ) ;
#478 = ADVANCED_FACE ( 'NONE', ( #1284 ), #1322, .T. ) ;
#479 = ORIENTED_EDGE ( 'NONE', *, *, #909, .F. ) ;
#480 =( NAMED_UNIT ( * ) SI_UNIT ( $, .STERADIAN. ) SOLID_ANGLE_UNIT ( ) );
#481 = FACE_OUTER_BOUND ( 'NONE', #88, .T. ) ;
#482 = DIRECTION ( 'NONE',  ( 1.000000000000000000, 0.000000000000000000, 8.673617379884036705E-17 ) ) ;
#483 = EDGE_LOOP ( 'NONE', ( #384, #585, #277, #285 ) ) ;
#484 = ADVANCED_FACE ( 'NONE', ( #760 ), #663, .F. ) ;
#485 = VECTOR ( 'NONE', #1294, 1000.000000000000000 ) ;
#486 = AXIS2_PLACEMENT_3D ( 'NONE', #938, #1059, #624 ) ;
#487 = CIRCLE ( 'NONE', #784, 0.05000000000000002359 ) ;
#488 = CYLINDRICAL_SURFACE ( 'NONE', #149, 0.04999999999999991257 ) ;
#489 = ORIENTED_EDGE ( 'NONE', *, *, #64, .T. ) ;
#490 = UNCERTAINTY_MEASURE_WITH_UNIT (LENGTH_MEASURE( 1.000000000000000082E-05 ), #1302, 'distance_accuracy_value', 'NONE');
#491 = EDGE_LOOP ( 'NONE', ( #539, #22, #374, #1060, #653, #1042, #637, #1221 ) ) ;
#492 = DIRECTION ( 'NONE',  ( -8.673617379884036705E-17, -0.000000000000000000, 1.000000000000000000 ) ) ;
#493 = ORIENTED_EDGE ( 'NONE', *, *, #1217, .T. ) ;
#494 = VERTEX_POINT ( 'NONE', #1106 ) ;
#495 = CARTESIAN_POINT ( 'NONE',  ( 0.9499999999999997335, 0.04999999999999991257, 0.6249999999999997780 ) ) ;
#496 = ADVANCED_FACE ( 'NONE', ( #33 ), #775, .T. ) ;
#497 = CARTESIAN_POINT ( 'NONE',  ( 0.9792893218813448764, 0.8300000000000001821, 0.6249999999999995559 ) ) ;
#498 = VERTEX_POINT ( 'NONE', #469 ) ;
#499 = FACE_OUTER_BOUND ( 'NONE', #416, .T. ) ;
#500 = EDGE_LOOP ( 'NONE', ( #883, #151, #318, #1020 ) ) ;
#501 = DIRECTION ( 'NONE',  ( 0.000000000000000000, 0.000000000000000000, -1.000000000000000000 ) ) ;
#502 = CARTESIAN_POINT ( 'NONE',  ( -0.9792893218813448764, 0.04999999999999994033, 0.6249999999999995559 ) ) ;
#503 = VECTOR ( 'NONE', #135, 1000.000000000000000 ) ;
#504 = CARTESIAN_POINT ( 'NONE',  ( 0.9999999999999998890, 0.8300000000000001821, 0.5749999999999995115 ) ) ;
#505 = CIRCLE ( 'NONE', #310, 0.05000000000000002359 ) ;
#506 = VECTOR ( 'NONE', #213, 1000.000000000000000 ) ;
#507 = DIRECTION ( 'NONE',  ( 8.673617379884036705E-17, 0.000000000000000000, -1.000000000000000000 ) ) ;
#508 = ORIENTED_EDGE ( 'NONE', *, *, #909, .T. ) ;
#509 = ORIENTED_EDGE ( 'NONE', *, *, #639, .F. ) ;
#510 = DIRECTION ( 'NONE',  ( 0.000000000000000000, 1.000000000000000000, 0.000000000000000000 ) ) ;
#511 = CYLINDRICAL_SURFACE ( 'NONE', #1244, 0.05000000000000002359 ) ;
#512 = CARTESIAN_POINT ( 'NONE',  ( -0.9999999999999997780, 0.03284271247461901383, 0.6042893218813447653 ) ) ;
#513 = LINE ( 'NONE', #714, #669 ) ;
#514 = VERTEX_POINT ( 'NONE', #48 ) ;
#515 = EDGE_CURVE ( 'NONE', #1340, #1320, #42, .T. ) ;
#516 = ORIENTED_EDGE ( 'NONE', *, *, #1261, .F. ) ;
#517 = CARTESIAN_POINT ( 'NONE',  ( 0.000000000000000000, 0.8800000000000000044, 0.000000000000000000 ) ) ;
#518 = CARTESIAN_POINT ( 'NONE',  ( -0.9499999999999999556, 0.8300000000000000711, -0.5749999999999999556 ) ) ;
#519 = DIRECTION ( 'NONE',  ( 1.000000000000000000, 0.000000000000000000, -8.673617379884036705E-17 ) ) ;
#520 = ORIENTED_EDGE ( 'NONE', *, *, #1007, .T. ) ;
#521 = EDGE_CURVE ( 'NONE', #325, #1103, #243, .T. ) ;
#522 = EDGE_CURVE ( 'NONE', #1043, #683, #705, .T. ) ;
#523 = AXIS2_PLACEMENT_3D ( 'NONE', #267, #996, #471 ) ;
#524 = FACE_OUTER_BOUND ( 'NONE', #1361, .T. ) ;
#525 = VECTOR ( 'NONE', #567, 1000.000000000000000 ) ;
#526 = PRESENTATION_LAYER_ASSIGNMENT (  '', '', ( #668 ) ) ;
#527 = CARTESIAN_POINT ( 'NONE',  ( -1.000000000000000000, 0.04999999999999993339, -0.5750000000000000666 ) ) ;
#528 = ORIENTED_EDGE ( 'NONE', *, *, #347, .F. ) ;
#529 = ORIENTED_EDGE ( 'NONE', *, *, #1027, .F. ) ;
#530 = VECTOR ( 'NONE', #314, 1000.000000000000000 ) ;
#531 = ORIENTED_EDGE ( 'NONE', *, *, #569, .T. ) ;
#532 = DIRECTION ( 'NONE',  ( 0.000000000000000000, 1.000000000000000000, 0.000000000000000000 ) ) ;
#533 = CARTESIAN_POINT ( 'NONE',  ( 1.000000000000000000, 0.8800000000000000044, -0.6250000000000001110 ) ) ;
#534 = CARTESIAN_POINT ( 'NONE',  ( -1.000000000000000000, 0.8471572875253812196, -0.6042893218813454315 ) ) ;
#535 = EDGE_CURVE ( 'NONE', #1009, #1176, #129, .T. ) ;
#536 = DIRECTION ( 'NONE',  ( 8.673617379884036705E-17, 0.000000000000000000, -1.000000000000000000 ) ) ;
#537 = DIRECTION ( 'NONE',  ( 1.000000000000000000, -0.000000000000000000, -0.000000000000000000 ) ) ;
#538 = ORIENTED_EDGE ( 'NONE', *, *, #155, .T. ) ;
#539 = ORIENTED_EDGE ( 'NONE', *, *, #1261, .T. ) ;
#540 = CARTESIAN_POINT ( 'NONE',  ( 1.000000000000000000, 0.8299999999999998490, -0.6042893218813453204 ) ) ;
#541 = DIRECTION ( 'NONE',  ( -1.734723475976807341E-16, 0.000000000000000000, 1.000000000000000000 ) ) ;
#542 = DIRECTION ( 'NONE',  ( 1.000000000000000000, 0.000000000000000000, -0.000000000000000000 ) ) ;
#543 = EDGE_CURVE ( 'NONE', #1260, #1274, #945, .T. ) ;
#544 = CARTESIAN_POINT ( 'NONE',  ( 0.4999999999881765689, 0.8300000000000000711, -0.5750000000000000666 ) ) ;
#545 = ORIENTED_EDGE ( 'NONE', *, *, #393, .F. ) ;
#546 = LINE ( 'NONE', #249, #3 ) ;
#547 = LINE ( 'NONE', #165, #975 ) ;
#548 = FACE_OUTER_BOUND ( 'NONE', #1161, .T. ) ;
#549 = DIRECTION ( 'NONE',  ( -1.000000000000000000, -0.000000000000000000, -0.000000000000000000 ) ) ;
#550 = CARTESIAN_POINT ( 'NONE',  ( 0.000000000000000000, 0.8300000000000000711, 0.6249999999999996669 ) ) ;
#551 = PLANE ( 'NONE',  #2 ) ;
#552 = CIRCLE ( 'NONE', #1289, 0.03333333333333334675 ) ;
#553 = ORIENTED_EDGE ( 'NONE', *, *, #798, .F. ) ;
#554 = CIRCLE ( 'NONE', #1044, 0.05000000000000002359 ) ;
#555 = EDGE_CURVE ( 'NONE', #110, #695, #1357, .T. ) ;
#556 = VERTEX_POINT ( 'NONE', #885 ) ;
#557 = CARTESIAN_POINT ( 'NONE',  ( -0.4999999999999998890, 0.8800000000000002265, -0.5750000000000000666 ) ) ;
#558 = VECTOR ( 'NONE', #742, 1000.000000000000000 ) ;
#559 = AXIS2_PLACEMENT_3D ( 'NONE', #234, #657, #859 ) ;
#560 = DIRECTION ( 'NONE',  ( 0.000000000000000000, 0.000000000000000000, -1.000000000000000000 ) ) ;
#561 =( NAMED_UNIT ( * ) PLANE_ANGLE_UNIT ( ) SI_UNIT ( $, .RADIAN. ) );
#562 = FACE_OUTER_BOUND ( 'NONE', #95, .T. ) ;
#563 = VERTEX_POINT ( 'NONE', #767 ) ;
#564 = EDGE_LOOP ( 'NONE', ( #82, #294, #143 ) ) ;
#565 = CARTESIAN_POINT ( 'NONE',  ( -0.9499999999999997335, 0.8799999999999998934, 0.5749999999999995115 ) ) ;
#566 = SURFACE_STYLE_FILL_AREA ( #1213 ) ;
#567 = DIRECTION ( 'NONE',  ( -1.000000000000000000, 0.000000000000000000, 0.000000000000000000 ) ) ;
#568 = EDGE_LOOP ( 'NONE', ( #790, #383, #1153, #712 ) ) ;
#569 = EDGE_CURVE ( 'NONE', #448, #710, #1314, .T. ) ;
#570 = EDGE_CURVE ( 'NONE', #942, #817, #1266, .T. ) ;
#571 = CARTESIAN_POINT ( 'NONE',  ( -1.000000000000000000, 0.05000000000000002359, -0.5750000000000001776 ) ) ;
#572 = FACE_OUTER_BOUND ( 'NONE', #1036, .T. ) ;
#573 = AXIS2_PLACEMENT_3D ( 'NONE', #345, #237, #1191 ) ;
#574 = DIRECTION ( 'NONE',  ( 0.000000000000000000, 0.000000000000000000, 1.000000000000000000 ) ) ;
#575 = ORIENTED_EDGE ( 'NONE', *, *, #590, .T. ) ;
#576 = DIRECTION ( 'NONE',  ( 1.000000000000000000, 0.000000000000000000, -0.000000000000000000 ) ) ;
#577 = CARTESIAN_POINT ( 'NONE',  ( -0.9499999999999997335, 0.8799999999999998934, 0.6042893218813446543 ) ) ;
#578 = AXIS2_PLACEMENT_3D ( 'NONE', #1100, #254, #452 ) ;
#579 = CIRCLE ( 'NONE', #559, 0.04999999999999991257 ) ;
#580 =( NAMED_UNIT ( * ) PLANE_ANGLE_UNIT ( ) SI_UNIT ( $, .RADIAN. ) );
#581 = VECTOR ( 'NONE', #372, 1000.000000000000000 ) ;
#582 = DIRECTION ( 'NONE',  ( 8.673617379884036705E-17, 0.000000000000000000, 1.000000000000000000 ) ) ;
#583 = DIRECTION ( 'NONE',  ( -1.734723475976807341E-16, 0.000000000000000000, -1.000000000000000000 ) ) ;
#584 = DIRECTION ( 'NONE',  ( 0.000000000000000000, 0.000000000000000000, 1.000000000000000000 ) ) ;
#585 = ORIENTED_EDGE ( 'NONE', *, *, #515, .T. ) ;
#586 =( NAMED_UNIT ( * ) SI_UNIT ( $, .STERADIAN. ) SOLID_ANGLE_UNIT ( ) );
#587 = CARTESIAN_POINT ( 'NONE',  ( 0.9792893218813449874, 0.04999999999999990563, -0.6250000000000001110 ) ) ;
#588 = DIRECTION ( 'NONE',  ( -1.000000000000000000, 0.000000000000000000, 0.000000000000000000 ) ) ;
#589 = DIRECTION ( 'NONE',  ( 0.000000000000000000, 0.000000000000000000, 1.000000000000000000 ) ) ;
#590 = EDGE_CURVE ( 'NONE', #1084, #1310, #382, .T. ) ;
#591 = ORIENTED_EDGE ( 'NONE', *, *, #1027, .T. ) ;
#592 =( NAMED_UNIT ( * ) PLANE_ANGLE_UNIT ( ) SI_UNIT ( $, .RADIAN. ) );
#593 = CARTESIAN_POINT ( 'NONE',  ( -0.9999999999999997780, 0.8299999999999999600, 0.5749999999999995115 ) ) ;
#594 = CARTESIAN_POINT ( 'NONE',  ( -0.4999999999999998890, 0.8300000000000000711, -0.5750000000000000666 ) ) ;
#595 = PLANE ( 'NONE',  #148 ) ;
#596 = ORIENTED_EDGE ( 'NONE', *, *, #1068, .F. ) ;
#597 = PRESENTATION_STYLE_ASSIGNMENT (( #814 ) ) ;
#598 = AXIS2_PLACEMENT_3D ( 'NONE', #140, #1078, #1166 ) ;
#599 = EDGE_CURVE ( 'NONE', #1281, #1340, #779, .T. ) ;
#600 = VECTOR ( 'NONE', #15, 1000.000000000000000 ) ;
#601 = CIRCLE ( 'NONE', #1248, 0.03333333333333334675 ) ;
#602 = CARTESIAN_POINT ( 'NONE',  ( 0.9499999999999998446, -1.066933949234239474E-16, 0.6042893218813446543 ) ) ;
#603 = VECTOR ( 'NONE', #446, 1000.000000000000000 ) ;
#604 = AXIS2_PLACEMENT_3D ( 'NONE', #1243, #677, #470 ) ;
#605 = DIRECTION ( 'NONE',  ( -1.734723475976807341E-16, 0.000000000000000000, -1.000000000000000000 ) ) ;
#606 = DIRECTION ( 'NONE',  ( -1.000000000000000000, 0.000000000000000000, 8.673617379884036705E-17 ) ) ;
#607 = ORIENTED_EDGE ( 'NONE', *, *, #1065, .F. ) ;
#608 = ORIENTED_EDGE ( 'NONE', *, *, #1318, .T. ) ;
#609 = EDGE_CURVE ( 'NONE', #325, #1359, #889, .T. ) ;
#610 = PRODUCT_DEFINITION ( 'UNKNOWN', '', #1002, #1050 ) ;
#611 = CARTESIAN_POINT ( 'NONE',  ( 0.9499999999999997335, 0.8300000000000000711, 0.5749999999999997335 ) ) ;
#612 = ORIENTED_EDGE ( 'NONE', *, *, #1246, .F. ) ;
#613 =( NAMED_UNIT ( * ) PLANE_ANGLE_UNIT ( ) SI_UNIT ( $, .RADIAN. ) );
#614 = CARTESIAN_POINT ( 'NONE',  ( -0.9999999999999998890, 0.05000000000000000971, 0.5749999999999996225 ) ) ;
#615 = EDGE_LOOP ( 'NONE', ( #199, #813, #704 ) ) ;
#616 = CIRCLE ( 'NONE', #886, 0.05000000000000002359 ) ;
#617 = CARTESIAN_POINT ( 'NONE',  ( 0.4999999999999998890, 0.000000000000000000, -0.5750000000000000666 ) ) ;
#618 = FACE_OUTER_BOUND ( 'NONE', #846, .T. ) ;
#619 = AXIS2_PLACEMENT_3D ( 'NONE', #1276, #1169, #221 ) ;
#620 = DIRECTION ( 'NONE',  ( -1.000000000000000000, -0.000000000000000000, 0.000000000000000000 ) ) ;
#621 = AXIS2_PLACEMENT_3D ( 'NONE', #594, #792, #195 ) ;
#622 = EDGE_CURVE ( 'NONE', #454, #1084, #505, .T. ) ;
#623 = CIRCLE ( 'NONE', #356, 0.05000000000000002359 ) ;
#624 = DIRECTION ( 'NONE',  ( 0.000000000000000000, 0.000000000000000000, -1.000000000000000000 ) ) ;
#625 = EDGE_LOOP ( 'NONE', ( #626, #463, #153, #920 ) ) ;
#626 = ORIENTED_EDGE ( 'NONE', *, *, #1215, .F. ) ;
#627 = CARTESIAN_POINT ( 'NONE',  ( 0.4999999999999997780, 0.8800000000000000044, 0.6083333333333331705 ) ) ;
#628 = CARTESIAN_POINT ( 'NONE',  ( -0.9792893218813448764, 1.084202172485504311E-16, 0.5749999999999995115 ) ) ;
#629 = CARTESIAN_POINT ( 'NONE',  ( 500000.0000000000582, 0.8633333333333335080, 0.5749999999566313136 ) ) ;
#630 = EDGE_CURVE ( 'NONE', #832, #172, #1012, .T. ) ;
#631 = CARTESIAN_POINT ( 'NONE',  ( 0.4999999999999997780, 0.000000000000000000, 0.5749999999999995115 ) ) ;
#632 = CARTESIAN_POINT ( 'NONE',  ( 0.4999999999881765689, 0.04999999999999991257, -0.5750000000000000666 ) ) ;
#633 = EDGE_CURVE ( 'NONE', #288, #869, #971, .T. ) ;
#634 = ORIENTED_EDGE ( 'NONE', *, *, #1130, .T. ) ;
#635 = CARTESIAN_POINT ( 'NONE',  ( -0.9499999999999997335, 0.02071067811865474201, 0.6249999999999995559 ) ) ;
#636 = ORIENTED_EDGE ( 'NONE', *, *, #1130, .F. ) ;
#637 = ORIENTED_EDGE ( 'NONE', *, *, #10, .T. ) ;
#638 = CARTESIAN_POINT ( 'NONE',  ( -0.4999999999881765689, 0.01666666666666666644, 0.5749999999566314246 ) ) ;
#639 = EDGE_CURVE ( 'NONE', #4, #325, #1033, .T. ) ;
#640 = DIRECTION ( 'NONE',  ( 1.734723475976807341E-16, 0.000000000000000000, 1.000000000000000000 ) ) ;
#641 = CARTESIAN_POINT ( 'NONE',  ( -1.000000000000000000, 0.8299999999999999600, -0.5750000000000001776 ) ) ;
#642 = LINE ( 'NONE', #858, #910 ) ;
#643 = DIRECTION ( 'NONE',  ( -1.734723475976807341E-16, -0.000000000000000000, -1.000000000000000000 ) ) ;
#644 = CIRCLE ( 'NONE', #72, 0.03333333333333324267 ) ;
#645 = AXIS2_PLACEMENT_3D ( 'NONE', #876, #1305, #574 ) ;
#646 = DIRECTION ( 'NONE',  ( -8.673617379884036705E-17, -0.000000000000000000, 1.000000000000000000 ) ) ;
#647 = CIRCLE ( 'NONE', #231, 0.05000000000000002359 ) ;
#648 = ORIENTED_EDGE ( 'NONE', *, *, #570, .F. ) ;
#649 = ADVANCED_FACE ( 'NONE', ( #1330 ), #1118, .T. ) ;
#650 = DIRECTION ( 'NONE',  ( -0.000000000000000000, 1.000000000000000000, 0.000000000000000000 ) ) ;
#651 = DIRECTION ( 'NONE',  ( -1.000000000000000000, 0.000000000000000000, 8.673617379884036705E-17 ) ) ;
#652 = ORIENTED_EDGE ( 'NONE', *, *, #736, .F. ) ;
#653 = ORIENTED_EDGE ( 'NONE', *, *, #286, .T. ) ;
#654 = FACE_OUTER_BOUND ( 'NONE', #228, .T. ) ;
#655 = CARTESIAN_POINT ( 'NONE',  ( -0.9792893218813453204, 0.05000000000000003053, -0.6250000000000000000 ) ) ;
#656 = ADVANCED_FACE ( 'NONE', ( #406 ), #1034, .T. ) ;
#657 = DIRECTION ( 'NONE',  ( -1.734723475976807341E-16, -0.000000000000000000, 1.000000000000000000 ) ) ;
#658 = CARTESIAN_POINT ( 'NONE',  ( 0.000000000000000000, 0.000000000000000000, 0.5749999999999996225 ) ) ;
#659 = ORIENTED_EDGE ( 'NONE', *, *, #1233, .T. ) ;
#660 = CARTESIAN_POINT ( 'NONE',  ( -0.9999999999999995559, 0.8300000000000000711, 0.5749999999999995115 ) ) ;
#661 = CARTESIAN_POINT ( 'NONE',  ( -0.9499999999999999556, 0.04999999999999991257, -0.5750000000000000666 ) ) ;
#662 = CARTESIAN_POINT ( 'NONE',  ( 0.9792893218813452094, 0.8800000000000001155, -0.6042893218813455425 ) ) ;
#663 = PLANE ( 'NONE',  #1154 ) ;
#664 = CARTESIAN_POINT ( 'NONE',  ( 0.4999999999999997780, 0.8300000000000000711, 0.5749999999999996225 ) ) ;
#665 = CARTESIAN_POINT ( 'NONE',  ( 0.000000000000000000, 0.000000000000000000, 0.5749999999999995115 ) ) ;
#666 = ADVANCED_FACE ( 'NONE', ( #1365 ), #1072, .T. ) ;
#667 = EDGE_LOOP ( 'NONE', ( #780, #236, #447 ) ) ;
#668 = STYLED_ITEM ( 'NONE', ( #161 ), #697 ) ;
#669 = VECTOR ( 'NONE', #930, 1000.000000000000000 ) ;
#670 = CARTESIAN_POINT ( 'NONE',  ( -0.9792893218813453204, 1.853533701954390791E-17, -0.5750000000000001776 ) ) ;
#671 = DIRECTION ( 'NONE',  ( 8.673617379884036705E-17, -0.000000000000000000, 1.000000000000000000 ) ) ;
#672 = CARTESIAN_POINT ( 'NONE',  ( 0.4999999999999997780, 0.04999999999999991257, 0.5749999999999996225 ) ) ;
#673 = ADVANCED_FACE ( 'NONE', ( #223 ), #39, .T. ) ;
#674 = ORIENTED_EDGE ( 'NONE', *, *, #1335, .F. ) ;
#675 = EDGE_CURVE ( 'NONE', #188, #514, #752, .T. ) ;
#676 = SURFACE_STYLE_USAGE ( .BOTH. , #987 ) ;
#677 = DIRECTION ( 'NONE',  ( 0.000000000000000000, -1.000000000000000000, 0.000000000000000000 ) ) ;
#678 = CARTESIAN_POINT ( 'NONE',  ( 0.4999999999999997780, 0.8300000000000000711, 0.6249999999999996669 ) ) ;
#679 = EDGE_LOOP ( 'NONE', ( #882, #1247, #612, #763, #409, #220, #332, #689 ) ) ;
#680 = CARTESIAN_POINT ( 'NONE',  ( 0.000000000000000000, 0.8800000000000002265, -0.5750000000000000666 ) ) ;
#681 = DIRECTION ( 'NONE',  ( -1.000000000000000000, 0.000000000000000000, 0.000000000000000000 ) ) ;
#682 = CARTESIAN_POINT ( 'NONE',  ( -0.9499999999999999556, 0.05000000000000000278, -0.5750000000000000666 ) ) ;
#683 = VERTEX_POINT ( 'NONE', #458 ) ;
#684 = DIRECTION ( 'NONE',  ( 1.000000000000000000, 0.000000000000000000, 0.000000000000000000 ) ) ;
#685 = AXIS2_PLACEMENT_3D ( 'NONE', #40, #365, #898 ) ;
#686 = CARTESIAN_POINT ( 'NONE',  ( 0.9499999999999997335, 0.8800000000000000044, 0.6249999999999996669 ) ) ;
#687 = MECHANICAL_DESIGN_GEOMETRIC_PRESENTATION_REPRESENTATION (  '', ( #32 ), #120 ) ;
#688 = ADVANCED_FACE ( 'NONE', ( #548 ), #251, .T. ) ;
#689 = ORIENTED_EDGE ( 'NONE', *, *, #862, .F. ) ;
#690 = CARTESIAN_POINT ( 'NONE',  ( -0.9999999999999998890, 0.8299999999999999600, 0.5749999999999996225 ) ) ;
#691 = CARTESIAN_POINT ( 'NONE',  ( 0.9499999999999997335, 0.04999999999999999584, 0.5749999999999996225 ) ) ;
#692 = LINE ( 'NONE', #68, #311 ) ;
#693 = DIRECTION ( 'NONE',  ( 0.000000000000000000, 0.000000000000000000, 1.000000000000000000 ) ) ;
#694 = EDGE_CURVE ( 'NONE', #325, #563, #1045, .T. ) ;
#695 = VERTEX_POINT ( 'NONE', #980 ) ;
#696 = APPLICATION_PROTOCOL_DEFINITION ( 'draft international standard', 'automotive_design', 1998, #364 ) ;
#697 = MANIFOLD_SOLID_BREP ( 'Combine2', #749 ) ;
#698 = CARTESIAN_POINT ( 'NONE',  ( 0.9499999999999997335, 0.04999999999999991257, -0.6250000000000001110 ) ) ;
#699 = DIRECTION ( 'NONE',  ( -1.000000000000000000, 0.000000000000000000, 0.000000000000000000 ) ) ;
#700 = DIRECTION ( 'NONE',  ( -0.000000000000000000, -1.000000000000000000, -0.000000000000000000 ) ) ;
#701 = EDGE_CURVE ( 'NONE', #716, #1124, #354, .T. ) ;
#702 = ORIENTED_EDGE ( 'NONE', *, *, #805, .F. ) ;
#703 = DIRECTION ( 'NONE',  ( -0.000000000000000000, 0.000000000000000000, -1.000000000000000000 ) ) ;
#704 = ORIENTED_EDGE ( 'NONE', *, *, #1014, .F. ) ;
#705 = CIRCLE ( 'NONE', #888, 0.05000000000000002359 ) ;
#706 = VECTOR ( 'NONE', #359, 1000.000000000000000 ) ;
#707 = AXIS2_PLACEMENT_3D ( 'NONE', #1170, #1283, #269 ) ;
#708 = LINE ( 'NONE', #629, #870 ) ;
#709 = PLANE ( 'NONE',  #417 ) ;
#710 = VERTEX_POINT ( 'NONE', #993 ) ;
#711 = SURFACE_SIDE_STYLE ('',( #906 ) ) ;
#712 = ORIENTED_EDGE ( 'NONE', *, *, #946, .F. ) ;
#713 = EDGE_CURVE ( 'NONE', #1043, #1340, #371, .T. ) ;
#714 = CARTESIAN_POINT ( 'NONE',  ( 500000.0000000000582, 0.8300000000000000711, -0.6083333333767014794 ) ) ;
#715 = DIRECTION ( 'NONE',  ( 0.000000000000000000, 1.000000000000000000, 0.000000000000000000 ) ) ;
#716 = VERTEX_POINT ( 'NONE', #1119 ) ;
#717 = DIRECTION ( 'NONE',  ( 0.000000000000000000, 0.000000000000000000, -1.000000000000000000 ) ) ;
#718 = EDGE_CURVE ( 'NONE', #695, #770, #1003, .T. ) ;
#719 = CARTESIAN_POINT ( 'NONE',  ( -1.000000000000000000, 0.04999999999999991257, -0.5750000000000000666 ) ) ;
#720 = CARTESIAN_POINT ( 'NONE',  ( -1.000000000000000000, 0.8300000000000000711, -0.5750000000000000666 ) ) ;
#721 = CARTESIAN_POINT ( 'NONE',  ( -0.4999999999999997780, 0.8300000000000000711, 0.5749999999999996225 ) ) ;
#722 = ORIENTED_EDGE ( 'NONE', *, *, #1014, .T. ) ;
#723 = ORIENTED_EDGE ( 'NONE', *, *, #555, .T. ) ;
#724 = CARTESIAN_POINT ( 'NONE',  ( 0.9792893218813450984, -1.719313100773138424E-16, -0.6042893218813453204 ) ) ;
#725 = CARTESIAN_POINT ( 'NONE',  ( 0.000000000000000000, 0.8300000000000000711, -0.5750000000000000666 ) ) ;
#726 = CARTESIAN_POINT ( 'NONE',  ( -0.9792893218813447653, 0.02071067811865474201, 0.6249999999999996669 ) ) ;
#727 = AXIS2_PLACEMENT_3D ( 'NONE', #819, #189, #423 ) ;
#728 = EDGE_CURVE ( 'NONE', #1124, #1359, #1218, .T. ) ;
#729 = VECTOR ( 'NONE', #1110, 1000.000000000000000 ) ;
#730 = DIRECTION ( 'NONE',  ( 0.000000000000000000, 0.000000000000000000, 1.000000000000000000 ) ) ;
#731 = ORIENTED_EDGE ( 'NONE', *, *, #713, .T. ) ;
#732 = CARTESIAN_POINT ( 'NONE',  ( 1.000000000000000000, 0.04999999999999995420, -0.6042893218813453204 ) ) ;
#733 = CARTESIAN_POINT ( 'NONE',  ( -0.9792893218813452094, 0.8800000000000001155, -0.6042893218813453204 ) ) ;
#734 = CARTESIAN_POINT ( 'NONE',  ( 0.9999999999999998890, 0.8592893218813451028, 0.5749999999999992895 ) ) ;
#735 = CARTESIAN_POINT ( 'NONE',  ( -0.9499999999999999556, 0.000000000000000000, 0.000000000000000000 ) ) ;
#736 = EDGE_CURVE ( 'NONE', #1124, #288, #266, .T. ) ;
#737 = ORIENTED_EDGE ( 'NONE', *, *, #694, .F. ) ;
#738 =( NAMED_UNIT ( * ) SI_UNIT ( $, .STERADIAN. ) SOLID_ANGLE_UNIT ( ) );
#739 = DIRECTION ( 'NONE',  ( 1.000000000000000000, -0.000000000000000000, -0.000000000000000000 ) ) ;
#740 = DIRECTION ( 'NONE',  ( 0.000000000000000000, 1.000000000000000000, -0.000000000000000000 ) ) ;
#741 = CARTESIAN_POINT ( 'NONE',  ( -1.000000000000000000, 0.8300000000000001821, -0.6042893218813453204 ) ) ;
#742 = DIRECTION ( 'NONE',  ( -0.000000000000000000, 1.000000000000000000, -0.000000000000000000 ) ) ;
#743 = VERTEX_POINT ( 'NONE', #168 ) ;
#744 = EDGE_LOOP ( 'NONE', ( #895, #455, #1143, #1085 ) ) ;
#745 = ADVANCED_FACE ( 'NONE', ( #133 ), #45, .T. ) ;
#746 = ORIENTED_EDGE ( 'NONE', *, *, #521, .T. ) ;
#747 = SURFACE_STYLE_USAGE ( .BOTH. , #154 ) ;
#748 = DIRECTION ( 'NONE',  ( 1.000000000000000000, 0.000000000000000000, 0.000000000000000000 ) ) ;
#749 = CLOSED_SHELL ( 'NONE', ( #130, #206, #1127, #191, #811, #776, #193, #38, #688, #666, #1104, #403, #160, #656, #478, #182, #1122, #496 ) ) ;
#750 = CARTESIAN_POINT ( 'NONE',  ( 0.4999999999999998890, 0.04999999999999991257, -0.6250000000000001110 ) ) ;
#751 = VECTOR ( 'NONE', #703, 1000.000000000000000 ) ;
#752 = CIRCLE ( 'NONE', #171, 0.03333333333333334675 ) ;
#753 = DIRECTION ( 'NONE',  ( 0.000000000000000000, -0.000000000000000000, 1.000000000000000000 ) ) ;
#754 = DIRECTION ( 'NONE',  ( 1.000000000000000000, 0.000000000000000000, -0.000000000000000000 ) ) ;
#755 = VECTOR ( 'NONE', #1162, 1000.000000000000000 ) ;
#756 = VERTEX_POINT ( 'NONE', #999 ) ;
#757 = FACE_OUTER_BOUND ( 'NONE', #625, .T. ) ;
#758 = CYLINDRICAL_SURFACE ( 'NONE', #573, 0.03333333333333324267 ) ;
#759 = EDGE_CURVE ( 'NONE', #974, #1281, #257, .T. ) ;
#760 = FACE_OUTER_BOUND ( 'NONE', #838, .T. ) ;
#761 = CARTESIAN_POINT ( 'NONE',  ( 1.000000000000000000, 0.04999999999999991257, -0.5749999999999999556 ) ) ;
#762 = CARTESIAN_POINT ( 'NONE',  ( -0.4999999999999997780, 0.8300000000000000711, 0.6249999999999996669 ) ) ;
#763 = ORIENTED_EDGE ( 'NONE', *, *, #622, .F. ) ;
#764 = EDGE_LOOP ( 'NONE', ( #636, #1373, #87, #1352 ) ) ;
#765 = CARTESIAN_POINT ( 'NONE',  ( 1.000000000000000000, 0.8300000000000000711, -0.5750000000000001776 ) ) ;
#766 = EDGE_CURVE ( 'NONE', #1297, #448, #73, .T. ) ;
#767 = CARTESIAN_POINT ( 'NONE',  ( -0.9499999999999997335, 0.8300000000000000711, 0.6249999999999996669 ) ) ;
#768 = LINE ( 'NONE', #550, #230 ) ;
#769 = DIRECTION ( 'NONE',  ( 0.000000000000000000, 0.000000000000000000, -1.000000000000000000 ) ) ;
#770 = VERTEX_POINT ( 'NONE', #472 ) ;
#771 = LINE ( 'NONE', #638, #331 ) ;
#772 = CYLINDRICAL_SURFACE ( 'NONE', #92, 0.05000000000000002359 ) ;
#773 = CARTESIAN_POINT ( 'NONE',  ( 1.000000000000000000, 0.8592893218813453249, -0.5921572875253812152 ) ) ;
#774 = SURFACE_STYLE_FILL_AREA ( #873 ) ;
#775 = CYLINDRICAL_SURFACE ( 'NONE', #309, 0.05000000000000002359 ) ;
#776 = ADVANCED_FACE ( 'NONE', ( #812 ), #595, .F. ) ;
#777 = AXIS2_PLACEMENT_3D ( 'NONE', #672, #1102, #1006 ) ;
#778 = CARTESIAN_POINT ( 'NONE',  ( 0.9499999999999999556, 0.8300000000000000711, -0.5750000000000000666 ) ) ;
#779 = CIRCLE ( 'NONE', #274, 0.05000000000000002359 ) ;
#780 = ORIENTED_EDGE ( 'NONE', *, *, #370, .F. ) ;
#781 = AXIS2_PLACEMENT_3D ( 'NONE', #721, #108, #224 ) ;
#782 = ORIENTED_EDGE ( 'NONE', *, *, #1223, .T. ) ;
#783 = CARTESIAN_POINT ( 'NONE',  ( 0.9499999999999997335, 0.04999999999999991257, 0.5749999999999995115 ) ) ;
#784 = AXIS2_PLACEMENT_3D ( 'NONE', #682, #700, #186 ) ;
#785 = COLOUR_RGB ( '',0.7294117647058823151, 0.3568627450980392246, 0.02352941176470588203 ) ;
#786 = CARTESIAN_POINT ( 'NONE',  ( 0.9500000000000000666, 0.8800000000000002265, -0.6042893218813455425 ) ) ;
#787 = DIRECTION ( 'NONE',  ( -0.000000000000000000, 1.000000000000000000, -0.000000000000000000 ) ) ;
#788 = LINE ( 'NONE', #1214, #1209 ) ;
#789 = DIRECTION ( 'NONE',  ( 1.000000000000000000, 0.000000000000000000, -1.734723475976807341E-16 ) ) ;
#790 = ORIENTED_EDGE ( 'NONE', *, *, #347, .T. ) ;
#791 = DIRECTION ( 'NONE',  ( 1.000000000000000000, 0.000000000000000000, -8.673617379884036705E-17 ) ) ;
#792 = DIRECTION ( 'NONE',  ( -1.000000000000000000, -0.000000000000000000, -0.000000000000000000 ) ) ;
#793 = CARTESIAN_POINT ( 'NONE',  ( -0.4999999999999998890, 0.000000000000000000, -0.5750000000000000666 ) ) ;
#794 = DIRECTION ( 'NONE',  ( -8.673617379884036705E-17, 0.000000000000000000, -1.000000000000000000 ) ) ;
#795 = ORIENTED_EDGE ( 'NONE', *, *, #555, .F. ) ;
#796 = CARTESIAN_POINT ( 'NONE',  ( 0.9499999999999999556, 0.04999999999999991257, -0.5750000000000000666 ) ) ;
#797 = CARTESIAN_POINT ( 'NONE',  ( -0.9792893218813449874, 0.8800000000000001155, 0.6042893218813445433 ) ) ;
#798 = EDGE_CURVE ( 'NONE', #498, #683, #822, .T. ) ;
#799 = FACE_OUTER_BOUND ( 'NONE', #1108, .T. ) ;
#800 = FACE_OUTER_BOUND ( 'NONE', #330, .T. ) ;
#801 = CARTESIAN_POINT ( 'NONE',  ( 0.9999999999999997780, 0.8300000000000000711, 1.734723475976806848E-16 ) ) ;
#802 = EDGE_LOOP ( 'NONE', ( #863, #978, #300, #905 ) ) ;
#803 = MECHANICAL_DESIGN_GEOMETRIC_PRESENTATION_REPRESENTATION (  '', ( #821 ), #1114 ) ;
#804 = VECTOR ( 'NONE', #1348, 1000.000000000000000 ) ;
#805 = EDGE_CURVE ( 'NONE', #498, #942, #1239, .T. ) ;
#806 = CARTESIAN_POINT ( 'NONE',  ( 0.9499999999999997335, 2.032879073410320814E-17, 0.5749999999999994005 ) ) ;
#807 = FACE_OUTER_BOUND ( 'NONE', #432, .T. ) ;
#808 = DIRECTION ( 'NONE',  ( 0.000000000000000000, 0.000000000000000000, -1.000000000000000000 ) ) ;
#809 = ORIENTED_EDGE ( 'NONE', *, *, #852, .F. ) ;
#810 = CARTESIAN_POINT ( 'NONE',  ( 0.000000000000000000, 0.000000000000000000, 0.000000000000000000 ) ) ;
#811 = ADVANCED_FACE ( 'NONE', ( #1115 ), #709, .F. ) ;
#812 = FACE_OUTER_BOUND ( 'NONE', #679, .T. ) ;
#813 = ORIENTED_EDGE ( 'NONE', *, *, #1049, .F. ) ;
#814 = SURFACE_STYLE_USAGE ( .BOTH. , #711 ) ;
#815 = FACE_OUTER_BOUND ( 'NONE', #1016, .T. ) ;
#816 = EDGE_CURVE ( 'NONE', #1103, #239, #1230, .T. ) ;
#817 = VERTEX_POINT ( 'NONE', #178 ) ;
#818 = ADVANCED_FACE ( 'NONE', ( #1327 ), #904, .T. ) ;
#819 = CARTESIAN_POINT ( 'NONE',  ( -0.9499999999999997335, 0.8300000000000000711, 0.5749999999999996225 ) ) ;
#820 = AXIS2_PLACEMENT_3D ( 'NONE', #176, #794, #341 ) ;
#821 = STYLED_ITEM ( 'NONE', ( #1307 ), #261 ) ;
#822 = CIRCLE ( 'NONE', #187, 0.05000000000000002359 ) ;
#823 = CARTESIAN_POINT ( 'NONE',  ( -0.9499999999999997335, 4.490912441978695192E-17, 0.6042893218813446543 ) ) ;
#824 = AXIS2_PLACEMENT_3D ( 'NONE', #1074, #61, #474 ) ;
#825 =( GEOMETRIC_REPRESENTATION_CONTEXT ( 3 ) GLOBAL_UNCERTAINTY_ASSIGNED_CONTEXT ( ( #402 ) ) GLOBAL_UNIT_ASSIGNED_CONTEXT ( ( #198, #613, #278 ) ) REPRESENTATION_CONTEXT ( 'NONE', 'WORKASPACE' ) );
#826 = ORIENTED_EDGE ( 'NONE', *, *, #83, .F. ) ;
#827 = ORIENTED_EDGE ( 'NONE', *, *, #271, .T. ) ;
#828 = DIRECTION ( 'NONE',  ( -1.000000000000000000, -0.000000000000000000, 0.000000000000000000 ) ) ;
#829 = CYLINDRICAL_SURFACE ( 'NONE', #144, 0.05000000000000002359 ) ;
#830 = CARTESIAN_POINT ( 'NONE',  ( 500000.0000000000582, 0.8300000000000000711, -0.5750000000433681535 ) ) ;
#831 = CARTESIAN_POINT ( 'NONE',  ( 0.9499999999999999556, 0.04999999999999991257, -0.6250000000000001110 ) ) ;
#832 = VERTEX_POINT ( 'NONE', #214 ) ;
#833 = VERTEX_POINT ( 'NONE', #631 ) ;
#834 = EDGE_CURVE ( 'NONE', #1281, #498, #1367, .T. ) ;
#835 = CARTESIAN_POINT ( 'NONE',  ( 500000.0000000000582, 0.01666666666666667337, -0.5750000000433680425 ) ) ;
#836 = LINE ( 'NONE', #202, #252 ) ;
#837 = VERTEX_POINT ( 'NONE', #831 ) ;
#838 = EDGE_LOOP ( 'NONE', ( #674, #809, #531, #479 ) ) ;
#839 = CARTESIAN_POINT ( 'NONE',  ( 1.000000000000000000, 0.03284271247461895832, -0.6042893218813454315 ) ) ;
#840 = CARTESIAN_POINT ( 'NONE',  ( 0.9999999999999998890, 0.04999999999999996114, 0.5749999999999997335 ) ) ;
#841 = CIRCLE ( 'NONE', #270, 0.05000000000000002359 ) ;
#842 = EDGE_CURVE ( 'NONE', #756, #943, #908, .T. ) ;
#843 = LINE ( 'NONE', #1371, #443 ) ;
#844 = CIRCLE ( 'NONE', #781, 0.05000000000000002359 ) ;
#845 = CIRCLE ( 'NONE', #949, 0.05000000000000002359 ) ;
#846 = EDGE_LOOP ( 'NONE', ( #208, #991, #281, #103 ) ) ;
#847 = EDGE_LOOP ( 'NONE', ( #1231, #1175, #209, #493 ) ) ;
#848 = CARTESIAN_POINT ( 'NONE',  ( -0.4999999999999998890, 0.8800000000000000044, -0.6250000000000001110 ) ) ;
#849 = FACE_OUTER_BOUND ( 'NONE', #305, .T. ) ;
#850 = CARTESIAN_POINT ( 'NONE',  ( 0.9999999999999997780, 0.8299999999999999600, 0.5749999999999992895 ) ) ;
#851 = CARTESIAN_POINT ( 'NONE',  ( 0.9499999999999997335, 0.8300000000000000711, 0.5749999999999996225 ) ) ;
#852 = EDGE_CURVE ( 'NONE', #448, #837, #1151, .T. ) ;
#853 = PLANE ( 'NONE',  #1136 ) ;
#854 = VERTEX_POINT ( 'NONE', #1174 ) ;
#855 = ORIENTED_EDGE ( 'NONE', *, *, #728, .F. ) ;
#856 = LINE ( 'NONE', #326, #1179 ) ;
#857 = DIRECTION ( 'NONE',  ( 1.000000000000000000, 0.000000000000000000, 0.000000000000000000 ) ) ;
#858 = CARTESIAN_POINT ( 'NONE',  ( 0.4999999999999998890, 0.000000000000000000, -0.6250000000000001110 ) ) ;
#859 = DIRECTION ( 'NONE',  ( -1.000000000000000000, 0.000000000000000000, 0.000000000000000000 ) ) ;
#860 = CARTESIAN_POINT ( 'NONE',  ( -0.9499999999999999556, 0.8800000000000000044, -0.6250000000000001110 ) ) ;
#861 = ORIENTED_EDGE ( 'NONE', *, *, #816, .T. ) ;
#862 = EDGE_CURVE ( 'NONE', #93, #494, #844, .T. ) ;
#863 = ORIENTED_EDGE ( 'NONE', *, *, #393, .T. ) ;
#864 = VECTOR ( 'NONE', #462, 1000.000000000000000 ) ;
#865 = CARTESIAN_POINT ( 'NONE',  ( 500000.0000000000582, 0.04999999999999991257, 0.6083333332899648616 ) ) ;
#866 = PRESENTATION_LAYER_ASSIGNMENT (  '', '', ( #821 ) ) ;
#867 = CARTESIAN_POINT ( 'NONE',  ( -0.4999999999999997780, 0.04999999999999991257, 0.6249999999999996669 ) ) ;
#868 = FACE_OUTER_BOUND ( 'NONE', #1351, .T. ) ;
#869 = VERTEX_POINT ( 'NONE', #1047 ) ;
#870 = VECTOR ( 'NONE', #1054, 1000.000000000000000 ) ;
#871 = ORIENTED_EDGE ( 'NONE', *, *, #834, .F. ) ;
#872 = DIRECTION ( 'NONE',  ( 1.000000000000000000, 0.000000000000000000, 0.000000000000000000 ) ) ;
#873 = FILL_AREA_STYLE ('',( #322 ) ) ;
#874 = CARTESIAN_POINT ( 'NONE',  ( -0.4999999999881765689, 0.04999999999999991257, -0.5750000000000000666 ) ) ;
#875 = LINE ( 'NONE', #665, #864 ) ;
#876 = CARTESIAN_POINT ( 'NONE',  ( 500000.0000000000582, 0.04999999999999991257, -0.5750000000433681535 ) ) ;
#877 = ORIENTED_EDGE ( 'NONE', *, *, #639, .T. ) ;
#878 =( NAMED_UNIT ( * ) PLANE_ANGLE_UNIT ( ) SI_UNIT ( $, .RADIAN. ) );
#879 = EDGE_CURVE ( 'NONE', #78, #454, #1372, .T. ) ;
#880 = CARTESIAN_POINT ( 'NONE',  ( 0.9499999999999997335, 0.8800000000000000044, 0.000000000000000000 ) ) ;
#881 = CARTESIAN_POINT ( 'NONE',  ( -0.9499999999999999556, 0.05000000000000002359, -0.6250000000000000000 ) ) ;
#882 = ORIENTED_EDGE ( 'NONE', *, *, #169, .F. ) ;
#883 = ORIENTED_EDGE ( 'NONE', *, *, #590, .F. ) ;
#884 = CARTESIAN_POINT ( 'NONE',  ( -0.9999999999999996669, 0.8471572875253809976, 0.6042893218813448764 ) ) ;
#885 = CARTESIAN_POINT ( 'NONE',  ( -0.4999999999881765689, 0.8633333333333335080, 0.5749999999999995115 ) ) ;
#886 = AXIS2_PLACEMENT_3D ( 'NONE', #1325, #367, #693 ) ;
#887 = CARTESIAN_POINT ( 'NONE',  ( -1.000000000000000000, 0.8800000000000000044, -0.5750000000000000666 ) ) ;
#888 = AXIS2_PLACEMENT_3D ( 'NONE', #966, #549, #970 ) ;
#889 = CIRCLE ( 'NONE', #1360, 0.04999999999999980849 ) ;
#890 = ORIENTED_EDGE ( 'NONE', *, *, #410, .T. ) ;
#891 = DIRECTION ( 'NONE',  ( 0.000000000000000000, -1.000000000000000000, 0.000000000000000000 ) ) ;
#892 =( GEOMETRIC_REPRESENTATION_CONTEXT ( 3 ) GLOBAL_UNCERTAINTY_ASSIGNED_CONTEXT ( ( #961 ) ) GLOBAL_UNIT_ASSIGNED_CONTEXT ( ( #295, #592, #480 ) ) REPRESENTATION_CONTEXT ( 'NONE', 'WORKASPACE' ) );
#893 = CARTESIAN_POINT ( 'NONE',  ( -1.000000000000000000, 0.02071067811865475936, -0.5921572875253811041 ) ) ;
#894 = DIRECTION ( 'NONE',  ( -0.000000000000000000, 1.000000000000000000, -0.000000000000000000 ) ) ;
#895 = ORIENTED_EDGE ( 'NONE', *, *, #1024, .T. ) ;
#896 = CARTESIAN_POINT ( 'NONE',  ( -0.9499999999999998446, 0.8800000000000000044, 0.5749999999999996225 ) ) ;
#897 = CARTESIAN_POINT ( 'NONE',  ( -0.9792893218813448764, 0.8799999999999998934, 0.5749999999999996225 ) ) ;
#898 = DIRECTION ( 'NONE',  ( 0.000000000000000000, 0.000000000000000000, -1.000000000000000000 ) ) ;
#899 = CARTESIAN_POINT ( 'NONE',  ( 0.9999999999999997780, 0.03284271247461897220, 0.6042893218813449874 ) ) ;
#900 = ORIENTED_EDGE ( 'NONE', *, *, #957, .F. ) ;
#901 = CARTESIAN_POINT ( 'NONE',  ( -0.4999999999999998890, 0.04999999999999991257, -0.5750000000000000666 ) ) ;
#902 = DIRECTION ( 'NONE',  ( 8.673617379884036705E-17, 0.000000000000000000, -1.000000000000000000 ) ) ;
#903 = VECTOR ( 'NONE', #1055, 1000.000000000000000 ) ;
#904 = CYLINDRICAL_SURFACE ( 'NONE', #55, 0.05000000000000002359 ) ;
#905 = ORIENTED_EDGE ( 'NONE', *, *, #852, .T. ) ;
#906 = SURFACE_STYLE_FILL_AREA ( #396 ) ;
#907 = VECTOR ( 'NONE', #651, 1000.000000000000000 ) ;
#908 = CIRCLE ( 'NONE', #486, 0.05000000000000002359 ) ;
#909 = EDGE_CURVE ( 'NONE', #817, #710, #836, .T. ) ;
#910 = VECTOR ( 'NONE', #536, 1000.000000000000000 ) ;
#911 = DIRECTION ( 'NONE',  ( 0.000000000000000000, 0.000000000000000000, -1.000000000000000000 ) ) ;
#912 = VERTEX_POINT ( 'NONE', #527 ) ;
#913 = ORIENTED_EDGE ( 'NONE', *, *, #387, .F. ) ;
#914 = ADVANCED_FACE ( 'NONE', ( #11 ), #853, .T. ) ;
#915 = CARTESIAN_POINT ( 'NONE',  ( 1.000000000000000000, 0.05000000000000002359, -0.5750000000000000666 ) ) ;
#916 = PLANE ( 'NONE',  #1293 ) ;
#917 = DIRECTION ( 'NONE',  ( -1.000000000000000000, 0.000000000000000000, 0.000000000000000000 ) ) ;
#918 = ORIENTED_EDGE ( 'NONE', *, *, #169, .T. ) ;
#919 = CARTESIAN_POINT ( 'NONE',  ( 500000.0000000000582, 0.8300000000000000711, 0.6083333332899650836 ) ) ;
#920 = ORIENTED_EDGE ( 'NONE', *, *, #10, .F. ) ;
#921 = DIRECTION ( 'NONE',  ( 0.000000000000000000, 0.000000000000000000, -1.000000000000000000 ) ) ;
#922 = CARTESIAN_POINT ( 'NONE',  ( 0.9792893218813450984, -1.084868486379832322E-16, 0.6042893218813447653 ) ) ;
#923 = DIRECTION ( 'NONE',  ( 0.000000000000000000, 0.000000000000000000, -1.000000000000000000 ) ) ;
#924 = ORIENTED_EDGE ( 'NONE', *, *, #216, .T. ) ;
#925 = VECTOR ( 'NONE', #307, 1000.000000000000000 ) ;
#926 = ORIENTED_EDGE ( 'NONE', *, *, #1335, .T. ) ;
#927 = VECTOR ( 'NONE', #492, 1000.000000000000000 ) ;
#928 = CARTESIAN_POINT ( 'NONE',  ( 0.4999999999911323156, 0.8300000000000000711, 0.6083333333333331705 ) ) ;
#929 = CARTESIAN_POINT ( 'NONE',  ( -0.9999999999999997780, 0.05000000000000002359, 0.5749999999999996225 ) ) ;
#930 = DIRECTION ( 'NONE',  ( -1.000000000000000000, -0.000000000000000000, 8.673617379884036705E-17 ) ) ;
#931 = ADVANCED_FACE ( 'NONE', ( #1252 ), #298, .F. ) ;
#932 = ORIENTED_EDGE ( 'NONE', *, *, #675, .T. ) ;
#933 = UNCERTAINTY_MEASURE_WITH_UNIT (LENGTH_MEASURE( 1.000000000000000082E-05 ), #979, 'distance_accuracy_value', 'NONE');
#934 = PLANE ( 'NONE',  #1070 ) ;
#935 = PLANE ( 'NONE',  #226 ) ;
#936 = CARTESIAN_POINT ( 'NONE',  ( -0.9999999999999997780, 0.05000000000000000971, 0.5749999999999996225 ) ) ;
#937 = CARTESIAN_POINT ( 'NONE',  ( 0.9999999999999997780, 0.8471572875253812196, 0.6042893218813447653 ) ) ;
#938 = CARTESIAN_POINT ( 'NONE',  ( -0.4999999999999997780, 0.04999999999999991257, 0.5749999999999996225 ) ) ;
#939 = ORIENTED_EDGE ( 'NONE', *, *, #862, .T. ) ;
#940 = EDGE_CURVE ( 'NONE', #188, #695, #255, .T. ) ;
#941 = CARTESIAN_POINT ( 'NONE',  ( 0.9999999999999997780, 0.04999999999999999584, 0.5749999999999996225 ) ) ;
#942 = VERTEX_POINT ( 'NONE', #461 ) ;
#943 = VERTEX_POINT ( 'NONE', #867 ) ;
#944 = DIRECTION ( 'NONE',  ( 0.000000000000000000, 0.000000000000000000, 1.000000000000000000 ) ) ;
#945 = CIRCLE ( 'NONE', #578, 0.03333333333333334675 ) ;
#946 = EDGE_CURVE ( 'NONE', #118, #1043, #348, .T. ) ;
#947 = PLANE ( 'NONE',  #707 ) ;
#948 = CARTESIAN_POINT ( 'NONE',  ( -0.9999999999999998890, 0.05000000000000002359, 0.5749999999999996225 ) ) ;
#949 = AXIS2_PLACEMENT_3D ( 'NONE', #289, #1140, #921 ) ;
#950 = MECHANICAL_DESIGN_GEOMETRIC_PRESENTATION_REPRESENTATION (  '', ( #59 ), #825 ) ;
#951 = CARTESIAN_POINT ( 'NONE',  ( -1.000000000000000000, 0.8300000000000000711, -0.5749999999999999556 ) ) ;
#952 = ORIENTED_EDGE ( 'NONE', *, *, #1007, .F. ) ;
#953 = ORIENTED_EDGE ( 'NONE', *, *, #701, .F. ) ;
#954 = LINE ( 'NONE', #963, #600 ) ;
#955 = CARTESIAN_POINT ( 'NONE',  ( -0.9499999999999999556, 0.8800000000000001155, -0.5749999999999998446 ) ) ;
#956 = CARTESIAN_POINT ( 'NONE',  ( -0.9500000000000000666, 2.032879073410321122E-17, -0.6042893218813452094 ) ) ;
#957 = EDGE_CURVE ( 'NONE', #912, #4, #1186, .T. ) ;
#958 = PLANE ( 'NONE',  #1095 ) ;
#959 = FACE_OUTER_BOUND ( 'NONE', #568, .T. ) ;
#960 = ORIENTED_EDGE ( 'NONE', *, *, #284, .T. ) ;
#961 = UNCERTAINTY_MEASURE_WITH_UNIT (LENGTH_MEASURE( 1.000000000000000082E-05 ), #295, 'distance_accuracy_value', 'NONE');
#962 = ORIENTED_EDGE ( 'NONE', *, *, #994, .F. ) ;
#963 = CARTESIAN_POINT ( 'NONE',  ( 0.4999999999999997780, 0.8800000000000000044, 0.6249999999999996669 ) ) ;
#964 = CARTESIAN_POINT ( 'NONE',  ( 1.000000000000000000, 0.8592893218813454359, -0.5750000000000001776 ) ) ;
#965 = FACE_OUTER_BOUND ( 'NONE', #1273, .T. ) ;
#966 = CARTESIAN_POINT ( 'NONE',  ( 0.9499999999999997335, 0.8300000000000000711, 0.5749999999999996225 ) ) ;
#967 = ORIENTED_EDGE ( 'NONE', *, *, #1068, .T. ) ;
#968 = ORIENTED_EDGE ( 'NONE', *, *, #1223, .F. ) ;
#969 = DIRECTION ( 'NONE',  ( -1.000000000000000000, 0.000000000000000000, 0.000000000000000000 ) ) ;
#970 = DIRECTION ( 'NONE',  ( 0.000000000000000000, 0.000000000000000000, -1.000000000000000000 ) ) ;
#971 = CIRCLE ( 'NONE', #621, 0.05000000000000002359 ) ;
#972 = CARTESIAN_POINT ( 'NONE',  ( -0.4999999999881765689, -0.1700000000000001232, -0.6083333333333333925 ) ) ;
#973 = LINE ( 'NONE', #860, #903 ) ;
#974 = VERTEX_POINT ( 'NONE', #761 ) ;
#975 = VECTOR ( 'NONE', #576, 1000.000000000000000 ) ;
#976 = ADVANCED_FACE ( 'NONE', ( #329 ), #43, .T. ) ;
#977 =( BOUNDED_SURFACE ( )  B_SPLINE_SURFACE ( 3, 3, ( 
 ( #196, #1057, #1376, #1150 ),
 ( #497, #1354, #107, #113 ),
 ( #1040, #937, #100, #734 ),
 ( #207, #504, #407, #850 ) ),
 .UNSPECIFIED., .F., .F., .T. ) 
 B_SPLINE_SURFACE_WITH_KNOTS ( ( 4, 4 ),
 ( 4, 4 ),
 ( 0.000000000000000000, 1.000000000000000000 ),
 ( 0.000000000000000000, 1.000000000000000000 ),
 .UNSPECIFIED. ) 
 GEOMETRIC_REPRESENTATION_ITEM ( )  RATIONAL_B_SPLINE_SURFACE ( (
 ( 1.000000000000000000, 0.8047378541243649375, 0.8047378541243649375, 1.000000000000000000),
 ( 0.8047378541243654926, 0.6476030138606880815, 0.6476030138606880815, 0.8047378541243654926),
 ( 0.8047378541243654926, 0.6476030138606880815, 0.6476030138606880815, 0.8047378541243654926),
 ( 1.000000000000000000, 0.8047378541243649375, 0.8047378541243649375, 1.000000000000000000) ) ) 
 REPRESENTATION_ITEM ( '' )  SURFACE ( )  );
#978 = ORIENTED_EDGE ( 'NONE', *, *, #1167, .T. ) ;
#979 =( LENGTH_UNIT ( ) NAMED_UNIT ( * ) SI_UNIT ( .MILLI., .METRE. ) );
#980 = CARTESIAN_POINT ( 'NONE',  ( -0.4999999999881765689, 0.04999999999999991257, -0.6083333333333333925 ) ) ;
#981 = CARTESIAN_POINT ( 'NONE',  ( -0.9792893218813452094, 1.853533701954391100E-17, -0.6042893218813453204 ) ) ;
#982 = FACE_OUTER_BOUND ( 'NONE', #483, .T. ) ;
#983 = ORIENTED_EDGE ( 'NONE', *, *, #1280, .F. ) ;
#984 = ORIENTED_EDGE ( 'NONE', *, *, #47, .F. ) ;
#985 = FILL_AREA_STYLE ('',( #1099 ) ) ;
#986 = EDGE_CURVE ( 'NONE', #556, #1265, #601, .T. ) ;
#987 = SURFACE_SIDE_STYLE ('',( #566 ) ) ;
#988 =( NAMED_UNIT ( * ) SI_UNIT ( $, .STERADIAN. ) SOLID_ANGLE_UNIT ( ) );
#989 = DIRECTION ( 'NONE',  ( 1.000000000000000000, -0.000000000000000000, -8.673617379884036705E-17 ) ) ;
#990 = CARTESIAN_POINT ( 'NONE',  ( 1.000000000000000000, 0.04999999999999991257, -0.5750000000000000666 ) ) ;
#991 = ORIENTED_EDGE ( 'NONE', *, *, #736, .T. ) ;
#992 = LINE ( 'NONE', #166, #413 ) ;
#993 = CARTESIAN_POINT ( 'NONE',  ( 0.4999999999999998890, 0.8300000000000000711, -0.6250000000000001110 ) ) ;
#994 = EDGE_CURVE ( 'NONE', #563, #93, #768, .T. ) ;
#995 = DIRECTION ( 'NONE',  ( 1.000000000000000000, 0.000000000000000000, 0.000000000000000000 ) ) ;
#996 = DIRECTION ( 'NONE',  ( 0.000000000000000000, 1.000000000000000000, 0.000000000000000000 ) ) ;
#997 = CIRCLE ( 'NONE', #727, 0.05000000000000002359 ) ;
#998 = CIRCLE ( 'NONE', #1182, 0.03333333333333324267 ) ;
#999 = CARTESIAN_POINT ( 'NONE',  ( -0.4999999999999997780, 0.000000000000000000, 0.5749999999999995115 ) ) ;
#1000 = ORIENTED_EDGE ( 'NONE', *, *, #630, .T. ) ;
#1001 = FACE_OUTER_BOUND ( 'NONE', #847, .T. ) ;
#1002 = PRODUCT_DEFINITION_FORMATION_WITH_SPECIFIED_SOURCE ( 'ANY', '', #306, .NOT_KNOWN. ) ;
#1003 = LINE ( 'NONE', #174, #5 ) ;
#1004 = DIRECTION ( 'NONE',  ( -1.000000000000000000, -0.000000000000000000, 0.000000000000000000 ) ) ;
#1005 = CARTESIAN_POINT ( 'NONE',  ( 0.000000000000000000, 0.8300000000000000711, -0.5750000000000000666 ) ) ;
#1006 = DIRECTION ( 'NONE',  ( 0.000000000000000000, 0.000000000000000000, 1.000000000000000000 ) ) ;
#1007 = EDGE_CURVE ( 'NONE', #1176, #343, #998, .T. ) ;
#1008 = PRODUCT_DEFINITION_SHAPE ( 'NONE', 'NONE',  #610 ) ;
#1009 = VERTEX_POINT ( 'NONE', #1317 ) ;
#1010 = CARTESIAN_POINT ( 'NONE',  ( -0.9999999999999995559, 0.8592893218813454359, 0.5749999999999996225 ) ) ;
#1011 = CARTESIAN_POINT ( 'NONE',  ( -0.9499999999999999556, 0.8800000000000000044, 0.000000000000000000 ) ) ;
#1012 = LINE ( 'NONE', #1344, #927 ) ;
#1013 = CYLINDRICAL_SURFACE ( 'NONE', #275, 0.05000000000000002359 ) ;
#1014 = EDGE_CURVE ( 'NONE', #942, #1309, #579, .T. ) ;
#1015 = DIRECTION ( 'NONE',  ( 8.673617379884036705E-17, 0.000000000000000000, 1.000000000000000000 ) ) ;
#1016 = EDGE_LOOP ( 'NONE', ( #489, #197, #1208, #1135 ) ) ;
#1017 = LINE ( 'NONE', #378, #581 ) ;
#1018 = VECTOR ( 'NONE', #646, 1000.000000000000000 ) ;
#1019 = DIRECTION ( 'NONE',  ( 0.000000000000000000, 0.000000000000000000, 1.000000000000000000 ) ) ;
#1020 = ORIENTED_EDGE ( 'NONE', *, *, #18, .F. ) ;
#1021 = SHAPE_DEFINITION_REPRESENTATION ( #1008, #16 ) ;
#1022 = CARTESIAN_POINT ( 'NONE',  ( -0.9499999999999997335, 0.04999999999999991257, 0.5749999999999995115 ) ) ;
#1023 = AXIS2_PLACEMENT_3D ( 'NONE', #783, #1211, #1125 ) ;
#1024 = EDGE_CURVE ( 'NONE', #869, #454, #788, .T. ) ;
#1025 = VERTEX_POINT ( 'NONE', #19 ) ;
#1026 = VECTOR ( 'NONE', #115, 1000.000000000000000 ) ;
#1027 = EDGE_CURVE ( 'NONE', #172, #118, #253, .T. ) ;
#1028 = CARTESIAN_POINT ( 'NONE',  ( 0.9499999999999998446, 0.02071067811865454078, 0.6249999999999997780 ) ) ;
#1029 = ORIENTED_EDGE ( 'NONE', *, *, #834, .T. ) ;
#1030 = CARTESIAN_POINT ( 'NONE',  ( 0.000000000000000000, 0.8300000000000000711, 0.5749999999999996225 ) ) ;
#1031 = ADVANCED_FACE ( 'NONE', ( #562 ), #958, .F. ) ;
#1032 = CYLINDRICAL_SURFACE ( 'NONE', #1117, 0.04999999999999991257 ) ;
#1033 = LINE ( 'NONE', #63, #804 ) ;
#1034 =( BOUNDED_SURFACE ( )  B_SPLINE_SURFACE ( 3, 3, ( 
 ( #297, #635, #823, #1144 ),
 ( #502, #726, #201, #628 ),
 ( #99, #512, #1053, #112 ),
 ( #936, #614, #948, #929 ) ),
 .UNSPECIFIED., .F., .F., .T. ) 
 B_SPLINE_SURFACE_WITH_KNOTS ( ( 4, 4 ),
 ( 4, 4 ),
 ( 0.000000000000000000, 1.000000000000000000 ),
 ( 0.000000000000000000, 1.000000000000000000 ),
 .UNSPECIFIED. ) 
 GEOMETRIC_REPRESENTATION_ITEM ( )  RATIONAL_B_SPLINE_SURFACE ( (
 ( 1.000000000000000000, 0.8047378541243649375, 0.8047378541243649375, 1.000000000000000000),
 ( 0.8047378541243654926, 0.6476030138606880815, 0.6476030138606880815, 0.8047378541243654926),
 ( 0.8047378541243654926, 0.6476030138606880815, 0.6476030138606880815, 0.8047378541243654926),
 ( 1.000000000000000000, 0.8047378541243649375, 0.8047378541243649375, 1.000000000000000000) ) ) 
 REPRESENTATION_ITEM ( '' )  SURFACE ( )  );
#1035 = CARTESIAN_POINT ( 'NONE',  ( -0.9499999999999997335, 0.04999999999999991257, 0.5749999999999996225 ) ) ;
#1036 = EDGE_LOOP ( 'NONE', ( #44, #659, #425, #1160 ) ) ;
#1037 = DIRECTION ( 'NONE',  ( 1.000000000000000000, 0.000000000000000000, 0.000000000000000000 ) ) ;
#1038 = FACE_OUTER_BOUND ( 'NONE', #183, .T. ) ;
#1039 = ADVANCED_FACE ( 'NONE', ( #982 ), #429, .T. ) ;
#1040 = CARTESIAN_POINT ( 'NONE',  ( 0.9999999999999998890, 0.8300000000000001821, 0.6042893218813447653 ) ) ;
#1041 = CARTESIAN_POINT ( 'NONE',  ( 0.4999999999999998890, 0.8800000000000000044, -0.6250000000000001110 ) ) ;
#1042 = ORIENTED_EDGE ( 'NONE', *, *, #83, .T. ) ;
#1043 = VERTEX_POINT ( 'NONE', #435 ) ;
#1044 = AXIS2_PLACEMENT_3D ( 'NONE', #661, #457, #1087 ) ;
#1045 = CIRCLE ( 'NONE', #292, 0.05000000000000002359 ) ;
#1046 = VECTOR ( 'NONE', #828, 1000.000000000000000 ) ;
#1047 = CARTESIAN_POINT ( 'NONE',  ( -0.4999999999999998890, 0.8300000000000000711, -0.6250000000000001110 ) ) ;
#1048 = ORIENTED_EDGE ( 'NONE', *, *, #759, .T. ) ;
#1049 = EDGE_CURVE ( 'NONE', #1309, #817, #377, .T. ) ;
#1050 = PRODUCT_DEFINITION_CONTEXT ( 'detailed design', #1220, 'design' ) ;
#1051 = ORIENTED_EDGE ( 'NONE', *, *, #111, .F. ) ;
#1052 = LINE ( 'NONE', #312, #28 ) ;
#1053 = CARTESIAN_POINT ( 'NONE',  ( -0.9999999999999997780, 0.02071067811865476282, 0.5921572875253805490 ) ) ;
#1054 = DIRECTION ( 'NONE',  ( -1.000000000000000000, 0.000000000000000000, 8.673617379884036705E-17 ) ) ;
#1055 = DIRECTION ( 'NONE',  ( 0.000000000000000000, -1.000000000000000000, -0.000000000000000000 ) ) ;
#1056 = VERTEX_POINT ( 'NONE', #1324 ) ;
#1057 = CARTESIAN_POINT ( 'NONE',  ( 0.9499999999999997335, 0.8592893218813453249, 0.6249999999999994449 ) ) ;
#1058 = CYLINDRICAL_SURFACE ( 'NONE', #250, 0.05000000000000002359 ) ;
#1059 = DIRECTION ( 'NONE',  ( -1.000000000000000000, -0.000000000000000000, -0.000000000000000000 ) ) ;
#1060 = ORIENTED_EDGE ( 'NONE', *, *, #47, .T. ) ;
#1061 = ORIENTED_EDGE ( 'NONE', *, *, #622, .T. ) ;
#1062 = UNCERTAINTY_MEASURE_WITH_UNIT (LENGTH_MEASURE( 1.000000000000000082E-05 ), #467, 'distance_accuracy_value', 'NONE');
#1063 = ORIENTED_EDGE ( 'NONE', *, *, #315, .F. ) ;
#1064 = CARTESIAN_POINT ( 'NONE',  ( -0.4999999999881765689, 0.01666666666666666644, 0.5749999999999995115 ) ) ;
#1065 = EDGE_CURVE ( 'NONE', #1176, #1265, #692, .T. ) ;
#1066 = AXIS2_PLACEMENT_3D ( 'NONE', #1257, #482, #902 ) ;
#1067 = COLOUR_RGB ( '',0.7921568627450980005, 0.8196078431372548767, 0.9333333333333333481 ) ;
#1068 = EDGE_CURVE ( 'NONE', #683, #172, #1017, .T. ) ;
#1069 = VECTOR ( 'NONE', #124, 1000.000000000000000 ) ;
#1070 = AXIS2_PLACEMENT_3D ( 'NONE', #533, #1298, #1291 ) ;
#1071 = EDGE_LOOP ( 'NONE', ( #722, #368, #553, #388 ) ) ;
#1072 =( BOUNDED_SURFACE ( )  B_SPLINE_SURFACE ( 3, 3, ( 
 ( #302, #399, #1375, #955 ),
 ( #412, #313, #733, #321 ),
 ( #741, #534, #1163, #8 ),
 ( #720, #1370, #641, #1172 ) ),
 .UNSPECIFIED., .F., .F., .T. ) 
 B_SPLINE_SURFACE_WITH_KNOTS ( ( 4, 4 ),
 ( 4, 4 ),
 ( 0.000000000000000000, 1.000000000000000000 ),
 ( 0.000000000000000000, 1.000000000000000000 ),
 .UNSPECIFIED. ) 
 GEOMETRIC_REPRESENTATION_ITEM ( )  RATIONAL_B_SPLINE_SURFACE ( (
 ( 1.000000000000000000, 0.8047378541243638272, 0.8047378541243638272, 1.000000000000000000),
 ( 0.8047378541243649375, 0.6476030138606867492, 0.6476030138606867492, 0.8047378541243649375),
 ( 0.8047378541243649375, 0.6476030138606867492, 0.6476030138606867492, 0.8047378541243649375),
 ( 1.000000000000000000, 0.8047378541243638272, 0.8047378541243638272, 1.000000000000000000) ) ) 
 REPRESENTATION_ITEM ( '' )  SURFACE ( )  );
#1073 = EDGE_LOOP ( 'NONE', ( #1332, #440, #164, #652 ) ) ;
#1074 = CARTESIAN_POINT ( 'NONE',  ( 500000.0000000000582, 0.8300000000000000711, 0.5749999999566315356 ) ) ;
#1075 = CARTESIAN_POINT ( 'NONE',  ( 0.9499999999999999556, 0.04999999999999991257, -0.6250000000000001110 ) ) ;
#1076 = CARTESIAN_POINT ( 'NONE',  ( -0.9792893218813452094, 0.02071067811865482181, -0.6250000000000000000 ) ) ;
#1077 = DIRECTION ( 'NONE',  ( 1.000000000000000000, 0.000000000000000000, -8.673617379884036705E-17 ) ) ;
#1078 = DIRECTION ( 'NONE',  ( 0.000000000000000000, 1.000000000000000000, 0.000000000000000000 ) ) ;
#1079 = ORIENTED_EDGE ( 'NONE', *, *, #609, .T. ) ;
#1080 = DIRECTION ( 'NONE',  ( -1.000000000000000000, 0.000000000000000000, -0.000000000000000000 ) ) ;
#1081 = CARTESIAN_POINT ( 'NONE',  ( 0.9792893218813453204, 0.8299999999999998490, -0.6249999999999998890 ) ) ;
#1082 = CARTESIAN_POINT ( 'NONE',  ( -0.9999999999999998890, 0.05000000000000003053, -0.6042893218813453204 ) ) ;
#1083 = ADVANCED_FACE ( 'NONE', ( #481 ), #1013, .T. ) ;
#1084 = VERTEX_POINT ( 'NONE', #793 ) ;
#1085 = ORIENTED_EDGE ( 'NONE', *, *, #381, .F. ) ;
#1086 = ORIENTED_EDGE ( 'NONE', *, *, #1315, .T. ) ;
#1087 = DIRECTION ( 'NONE',  ( 0.000000000000000000, 0.000000000000000000, 1.000000000000000000 ) ) ;
#1088 = DIRECTION ( 'NONE',  ( 0.000000000000000000, 0.000000000000000000, 1.000000000000000000 ) ) ;
#1089 = CARTESIAN_POINT ( 'NONE',  ( -0.9500000000000000666, 0.02071067811865482874, -0.6250000000000000000 ) ) ;
#1090 = VECTOR ( 'NONE', #419, 1000.000000000000000 ) ;
#1091 = COLOUR_RGB ( '',0.7921568627450980005, 0.8196078431372548767, 0.9333333333333333481 ) ;
#1092 = CARTESIAN_POINT ( 'NONE',  ( 500000.0000000000582, -0.1700000000000001232, -0.6083333333767014794 ) ) ;
#1093 = CARTESIAN_POINT ( 'NONE',  ( -1.000000000000000000, 0.8800000000000000044, -0.6250000000000001110 ) ) ;
#1094 = EDGE_LOOP ( 'NONE', ( #142, #264, #116 ) ) ;
#1095 = AXIS2_PLACEMENT_3D ( 'NONE', #1092, #671, #1077 ) ;
#1096 = ADVANCED_FACE ( 'NONE', ( #71 ), #1133, .T. ) ;
#1097 = ORIENTED_EDGE ( 'NONE', *, *, #1111, .T. ) ;
#1098 = DIRECTION ( 'NONE',  ( 1.000000000000000000, -0.000000000000000000, -8.673617379884036705E-17 ) ) ;
#1099 = FILL_AREA_STYLE_COLOUR ( '', #1067 ) ;
#1100 = CARTESIAN_POINT ( 'NONE',  ( 0.4999999999881765689, 0.8300000000000000711, 0.5749999999999996225 ) ) ;
#1101 = DIRECTION ( 'NONE',  ( 0.000000000000000000, 0.000000000000000000, -1.000000000000000000 ) ) ;
#1102 = DIRECTION ( 'NONE',  ( 1.000000000000000000, -0.000000000000000000, -0.000000000000000000 ) ) ;
#1103 = VERTEX_POINT ( 'NONE', #283 ) ;
#1104 = ADVANCED_FACE ( 'NONE', ( #800 ), #488, .T. ) ;
#1105 = CARTESIAN_POINT ( 'NONE',  ( 1.000000000000000000, 0.8299999999999996270, -0.5750000000000001776 ) ) ;
#1106 = CARTESIAN_POINT ( 'NONE',  ( -0.4999999999999997780, 0.8800000000000000044, 0.5749999999999995115 ) ) ;
#1107 = DIRECTION ( 'NONE',  ( -1.734723475976807341E-16, 0.000000000000000000, -1.000000000000000000 ) ) ;
#1108 = EDGE_LOOP ( 'NONE', ( #983, #1168, #545 ) ) ;
#1109 = CARTESIAN_POINT ( 'NONE',  ( -0.9499999999999999556, 0.04999999999999991257, -0.5750000000000000666 ) ) ;
#1110 = DIRECTION ( 'NONE',  ( 1.000000000000000000, 0.000000000000000000, 0.000000000000000000 ) ) ;
#1111 = EDGE_CURVE ( 'NONE', #912, #78, #487, .T. ) ;
#1112 = CARTESIAN_POINT ( 'NONE',  ( 0.9792893218813450984, 0.04999999999999991257, 0.6249999999999997780 ) ) ;
#1113 = DIRECTION ( 'NONE',  ( 0.000000000000000000, 1.000000000000000000, 0.000000000000000000 ) ) ;
#1114 =( GEOMETRIC_REPRESENTATION_CONTEXT ( 3 ) GLOBAL_UNCERTAINTY_ASSIGNED_CONTEXT ( ( #933 ) ) GLOBAL_UNIT_ASSIGNED_CONTEXT ( ( #979, #878, #738 ) ) REPRESENTATION_CONTEXT ( 'NONE', 'WORKASPACE' ) );
#1115 = FACE_OUTER_BOUND ( 'NONE', #744, .T. ) ;
#1116 = ORIENTED_EDGE ( 'NONE', *, *, #1178, .T. ) ;
#1117 = AXIS2_PLACEMENT_3D ( 'NONE', #385, #84, #1364 ) ;
#1118 =( BOUNDED_SURFACE ( )  B_SPLINE_SURFACE ( 3, 3, ( 
 ( #806, #602, #1028, #495 ),
 ( #273, #922, #1234, #1112 ),
 ( #170, #476, #899, #1121 ),
 ( #941, #1262, #840, #390 ) ),
 .UNSPECIFIED., .F., .F., .F. ) 
 B_SPLINE_SURFACE_WITH_KNOTS ( ( 4, 4 ),
 ( 4, 4 ),
 ( 0.000000000000000000, 1.000000000000000000 ),
 ( 0.000000000000000000, 1.000000000000000000 ),
 .UNSPECIFIED. ) 
 GEOMETRIC_REPRESENTATION_ITEM ( )  RATIONAL_B_SPLINE_SURFACE ( (
 ( 1.000000000000000000, 0.8047378541243644934, 0.8047378541243644934, 1.000000000000000000),
 ( 0.8047378541243650485, 0.6476030138606874154, 0.6476030138606874154, 0.8047378541243650485),
 ( 0.8047378541243650485, 0.6476030138606874154, 0.6476030138606874154, 0.8047378541243650485),
 ( 1.000000000000000000, 0.8047378541243644934, 0.8047378541243644934, 1.000000000000000000) ) ) 
 REPRESENTATION_ITEM ( '' )  SURFACE ( )  );
#1119 = CARTESIAN_POINT ( 'NONE',  ( -0.9499999999999999556, 0.8300000000000000711, -0.6250000000000001110 ) ) ;
#1120 = CARTESIAN_POINT ( 'NONE',  ( 0.9499999999999996225, 0.02071067811865468997, -0.6250000000000000000 ) ) ;
#1121 = CARTESIAN_POINT ( 'NONE',  ( 0.9999999999999998890, 0.05000000000000003053, 0.6042893218813449874 ) ) ;
#1122 = ADVANCED_FACE ( 'NONE', ( #163 ), #916, .F. ) ;
#1123 = DIRECTION ( 'NONE',  ( -1.000000000000000000, 0.000000000000000000, 0.000000000000000000 ) ) ;
#1124 = VERTEX_POINT ( 'NONE', #58 ) ;
#1125 = DIRECTION ( 'NONE',  ( 1.000000000000000000, 0.000000000000000000, 0.000000000000000000 ) ) ;
#1126 = DIRECTION ( 'NONE',  ( -1.000000000000000000, 0.000000000000000000, 0.000000000000000000 ) ) ;
#1127 = ADVANCED_FACE ( 'NONE', ( #815 ), #1331, .T. ) ;
#1128 = ORIENTED_EDGE ( 'NONE', *, *, #1280, .T. ) ;
#1129 = PRODUCT_CONTEXT ( 'NONE', #364, 'mechanical' ) ;
#1130 = EDGE_CURVE ( 'NONE', #343, #1025, #86, .T. ) ;
#1131 = CARTESIAN_POINT ( 'NONE',  ( 0.9792893218813450984, 0.02071067811865462405, -0.6250000000000001110 ) ) ;
#1132 = DIRECTION ( 'NONE',  ( -1.000000000000000000, 0.000000000000000000, 0.000000000000000000 ) ) ;
#1133 = CYLINDRICAL_SURFACE ( 'NONE', #210, 0.05000000000000002359 ) ;
#1134 = AXIS2_PLACEMENT_3D ( 'NONE', #632, #424, #125 ) ;
#1135 = ORIENTED_EDGE ( 'NONE', *, *, #337, .T. ) ;
#1136 = AXIS2_PLACEMENT_3D ( 'NONE', #1041, #1278, #507 ) ;
#1137 = EDGE_CURVE ( 'NONE', #203, #188, #513, .T. ) ;
#1138 = ORIENTED_EDGE ( 'NONE', *, *, #308, .F. ) ;
#1139 = AXIS2_PLACEMENT_3D ( 'NONE', #1109, #640, #857 ) ;
#1140 = DIRECTION ( 'NONE',  ( -0.000000000000000000, 1.000000000000000000, -0.000000000000000000 ) ) ;
#1141 = CARTESIAN_POINT ( 'NONE',  ( 0.000000000000000000, 0.000000000000000000, -0.5750000000000000666 ) ) ;
#1142 = ORIENTED_EDGE ( 'NONE', *, *, #284, .F. ) ;
#1143 = ORIENTED_EDGE ( 'NONE', *, *, #64, .F. ) ;
#1144 = CARTESIAN_POINT ( 'NONE',  ( -0.9499999999999997335, 1.084202172485504434E-16, 0.5749999999999995115 ) ) ;
#1145 = CARTESIAN_POINT ( 'NONE',  ( 500000.0000000000582, 0.01666666666666666644, 0.5749999999999995115 ) ) ;
#1146 = ORIENTED_EDGE ( 'NONE', *, *, #694, .T. ) ;
#1147 = ORIENTED_EDGE ( 'NONE', *, *, #718, .F. ) ;
#1148 = CARTESIAN_POINT ( 'NONE',  ( 1.000000000000000222, 0.05000000000000002359, -0.5750000000000000666 ) ) ;
#1149 = CARTESIAN_POINT ( 'NONE',  ( -0.4999999999881765689, 0.8300000000000000711, -0.6083333333333333925 ) ) ;
#1150 = CARTESIAN_POINT ( 'NONE',  ( 0.9499999999999997335, 0.8799999999999998934, 0.5749999999999992895 ) ) ;
#1151 = LINE ( 'NONE', #316, #1267 ) ;
#1152 = ORIENTED_EDGE ( 'NONE', *, *, #675, .F. ) ;
#1153 = ORIENTED_EDGE ( 'NONE', *, *, #713, .F. ) ;
#1154 = AXIS2_PLACEMENT_3D ( 'NONE', #460, #233, #542 ) ;
#1155 = AXIS2_PLACEMENT_3D ( 'NONE', #17, #969, #1088 ) ;
#1156 = CARTESIAN_POINT ( 'NONE',  ( 1.000000000000000000, 0.05000000000000000278, -0.5750000000000000666 ) ) ;
#1157 = CARTESIAN_POINT ( 'NONE',  ( -0.9499999999999999556, 0.04999999999999991257, -0.6250000000000001110 ) ) ;
#1158 = AXIS2_PLACEMENT_3D ( 'NONE', #778, #1123, #584 ) ;
#1159 = DIRECTION ( 'NONE',  ( -1.000000000000000000, 0.000000000000000000, 8.673617379884036705E-17 ) ) ;
#1160 = ORIENTED_EDGE ( 'NONE', *, *, #410, .F. ) ;
#1161 = EDGE_LOOP ( 'NONE', ( #1259, #1241, #939, #258 ) ) ;
#1162 = DIRECTION ( 'NONE',  ( 0.000000000000000000, -1.000000000000000000, -0.000000000000000000 ) ) ;
#1163 = CARTESIAN_POINT ( 'NONE',  ( -1.000000000000000000, 0.8592893218813455469, -0.5921572875253811041 ) ) ;
#1164 = DIRECTION ( 'NONE',  ( -0.000000000000000000, -6.123233995736766036E-17, -1.000000000000000000 ) ) ;
#1165 = ADVANCED_FACE ( 'NONE', ( #91 ), #977, .T. ) ;
#1166 = DIRECTION ( 'NONE',  ( 0.000000000000000000, -0.000000000000000000, 1.000000000000000000 ) ) ;
#1167 = EDGE_CURVE ( 'NONE', #1056, #1297, #843, .T. ) ;
#1168 = ORIENTED_EDGE ( 'NONE', *, *, #1374, .F. ) ;
#1169 = DIRECTION ( 'NONE',  ( 0.000000000000000000, -1.000000000000000000, 0.000000000000000000 ) ) ;
#1170 = CARTESIAN_POINT ( 'NONE',  ( 500000.0000000000582, 0.8633333333333335080, -0.5750000000433681535 ) ) ;
#1171 = FACE_OUTER_BOUND ( 'NONE', #104, .T. ) ;
#1172 = CARTESIAN_POINT ( 'NONE',  ( -1.000000000000000000, 0.8300000000000000711, -0.5750000000000001776 ) ) ;
#1173 = DIRECTION ( 'NONE',  ( 1.000000000000000000, -0.000000000000000000, -8.673617379884036705E-17 ) ) ;
#1174 = CARTESIAN_POINT ( 'NONE',  ( 0.9499999999999997335, -5.421010862427522170E-17, 0.5749999999999995115 ) ) ;
#1175 = ORIENTED_EDGE ( 'NONE', *, *, #459, .T. ) ;
#1176 = VERTEX_POINT ( 'NONE', #291 ) ;
#1177 = CARTESIAN_POINT ( 'NONE',  ( 0.4999999999999998890, 0.8800000000000000044, -0.6083333333333333925 ) ) ;
#1178 = EDGE_CURVE ( 'NONE', #743, #110, #1366, .T. ) ;
#1179 = VECTOR ( 'NONE', #229, 1000.000000000000000 ) ;
#1180 = CARTESIAN_POINT ( 'NONE',  ( 0.4999999999999998890, 0.8300000000000000711, -0.5750000000000000666 ) ) ;
#1181 = CARTESIAN_POINT ( 'NONE',  ( 0.9500000000000000666, 0.8592893218813451028, -0.6250000000000002220 ) ) ;
#1182 = AXIS2_PLACEMENT_3D ( 'NONE', #1200, #245, #157 ) ;
#1183 = CYLINDRICAL_SURFACE ( 'NONE', #77, 0.05000000000000002359 ) ;
#1184 = AXIS2_PLACEMENT_3D ( 'NONE', #664, #139, #453 ) ;
#1185 = DIRECTION ( 'NONE',  ( 0.000000000000000000, -1.000000000000000000, 0.000000000000000000 ) ) ;
#1186 = LINE ( 'NONE', #887, #1069 ) ;
#1187 = ORIENTED_EDGE ( 'NONE', *, *, #630, .F. ) ;
#1188 = ORIENTED_EDGE ( 'NONE', *, *, #1215, .T. ) ;
#1189 = CARTESIAN_POINT ( 'NONE',  ( -0.9999999999999997780, 0.04999999999999991257, 0.6249999999999996669 ) ) ;
#1190 = ADVANCED_FACE ( 'NONE', ( #524 ), #1263, .T. ) ;
#1191 = DIRECTION ( 'NONE',  ( 0.000000000000000000, 0.000000000000000000, 1.000000000000000000 ) ) ;
#1192 = CARTESIAN_POINT ( 'NONE',  ( 0.9499999999999999556, 0.8299999999999997380, -0.6250000000000001110 ) ) ;
#1193 = DIRECTION ( 'NONE',  ( 1.000000000000000000, 0.000000000000000000, 0.000000000000000000 ) ) ;
#1194 = LINE ( 'NONE', #658, #1355 ) ;
#1195 = VERTEX_POINT ( 'NONE', #1258 ) ;
#1196 = EDGE_LOOP ( 'NONE', ( #520, #634, #1063, #159 ) ) ;
#1197 = CARTESIAN_POINT ( 'NONE',  ( -0.9499999999999997335, 0.04999999999999991257, 0.5749999999999996225 ) ) ;
#1198 = DIRECTION ( 'NONE',  ( 0.000000000000000000, -1.000000000000000000, 0.000000000000000000 ) ) ;
#1199 = CARTESIAN_POINT ( 'NONE',  ( 0.9499999999999999556, 0.8300000000000000711, -0.5750000000000000666 ) ) ;
#1200 = CARTESIAN_POINT ( 'NONE',  ( -0.4999999999881765689, 0.04999999999999991257, 0.5749999999999996225 ) ) ;
#1201 = ORIENTED_EDGE ( 'NONE', *, *, #244, .T. ) ;
#1202 = DIRECTION ( 'NONE',  ( -0.000000000000000000, 0.000000000000000000, -1.000000000000000000 ) ) ;
#1203 = DIRECTION ( 'NONE',  ( 1.000000000000000000, -0.000000000000000000, -8.673617379884036705E-17 ) ) ;
#1204 = CARTESIAN_POINT ( 'NONE',  ( -0.9999999999999997780, 0.04999999999999991257, 0.5749999999999996225 ) ) ;
#1205 = VECTOR ( 'NONE', #1004, 1000.000000000000000 ) ;
#1206 = AXIS2_PLACEMENT_3D ( 'NONE', #408, #715, #753 ) ;
#1207 = DIRECTION ( 'NONE',  ( 0.000000000000000000, 0.000000000000000000, 1.000000000000000000 ) ) ;
#1208 = ORIENTED_EDGE ( 'NONE', *, *, #957, .T. ) ;
#1209 = VECTOR ( 'NONE', #24, 1000.000000000000000 ) ;
#1210 = ORIENTED_EDGE ( 'NONE', *, *, #842, .T. ) ;
#1211 = DIRECTION ( 'NONE',  ( 1.734723475976807341E-16, -0.000000000000000000, -1.000000000000000000 ) ) ;
#1212 = SURFACE_STYLE_FILL_AREA ( #985 ) ;
#1213 = FILL_AREA_STYLE ('',( #156 ) ) ;
#1214 = CARTESIAN_POINT ( 'NONE',  ( -0.4999999999999998890, 0.8800000000000000044, -0.6250000000000001110 ) ) ;
#1215 = EDGE_CURVE ( 'NONE', #514, #1195, #219, .T. ) ;
#1216 = ORIENTED_EDGE ( 'NONE', *, *, #439, .T. ) ;
#1217 = EDGE_CURVE ( 'NONE', #1260, #556, #708, .T. ) ;
#1218 = LINE ( 'NONE', #1011, #1339 ) ;
#1219 = CARTESIAN_POINT ( 'NONE',  ( 0.9499999999999997335, 0.8800000000000000044, 0.5749999999999996225 ) ) ;
#1220 = APPLICATION_CONTEXT ( 'automotive_design' ) ;
#1221 = ORIENTED_EDGE ( 'NONE', *, *, #543, .T. ) ;
#1222 = DIRECTION ( 'NONE',  ( -1.734723475976807341E-16, 0.000000000000000000, 1.000000000000000000 ) ) ;
#1223 = EDGE_CURVE ( 'NONE', #4, #1124, #9, .T. ) ;
#1224 = CARTESIAN_POINT ( 'NONE',  ( 0.9499999999999996225, 0.000000000000000000, -0.6042893218813452094 ) ) ;
#1225 = DIRECTION ( 'NONE',  ( 0.000000000000000000, 0.000000000000000000, 1.000000000000000000 ) ) ;
#1226 = AXIS2_PLACEMENT_3D ( 'NONE', #1093, #789, #1107 ) ;
#1227 = DIRECTION ( 'NONE',  ( -1.000000000000000000, 0.000000000000000000, 1.734723475976806848E-16 ) ) ;
#1228 = VECTOR ( 'NONE', #333, 1000.000000000000000 ) ;
#1229 = MANIFOLD_SOLID_BREP ( 'Combine1', #247 ) ;
#1230 = CIRCLE ( 'NONE', #30, 0.05000000000000002359 ) ;
#1231 = ORIENTED_EDGE ( 'NONE', *, *, #986, .T. ) ;
#1232 = CARTESIAN_POINT ( 'NONE',  ( -0.9999999999999997780, 0.8300000000000000711, 0.5749999999999995115 ) ) ;
#1233 = EDGE_CURVE ( 'NONE', #833, #1297, #642, .T. ) ;
#1234 = CARTESIAN_POINT ( 'NONE',  ( 0.9792893218813450984, 0.02071067811865454425, 0.6249999999999997780 ) ) ;
#1235 = ORIENTED_EDGE ( 'NONE', *, *, #18, .T. ) ;
#1236 = DIRECTION ( 'NONE',  ( 0.000000000000000000, 0.000000000000000000, 1.000000000000000000 ) ) ;
#1237 = DIRECTION ( 'NONE',  ( 0.000000000000000000, 0.000000000000000000, -1.000000000000000000 ) ) ;
#1238 = ADVANCED_FACE ( 'NONE', ( #965 ), #1183, .T. ) ;
#1239 = LINE ( 'NONE', #801, #442 ) ;
#1240 = ORIENTED_EDGE ( 'NONE', *, *, #280, .F. ) ;
#1241 = ORIENTED_EDGE ( 'NONE', *, *, #994, .T. ) ;
#1242 = CARTESIAN_POINT ( 'NONE',  ( 1.000000000000000000, 0.02071067811865472119, -0.5750000000000000666 ) ) ;
#1243 = CARTESIAN_POINT ( 'NONE',  ( -0.9499999999999999556, 0.8800000000000000044, -0.5750000000000000666 ) ) ;
#1244 = AXIS2_PLACEMENT_3D ( 'NONE', #719, #1126, #98 ) ;
#1245 = AXIS2_PLACEMENT_3D ( 'NONE', #1199, #787, #699 ) ;
#1246 = EDGE_CURVE ( 'NONE', #1084, #756, #31, .T. ) ;
#1247 = ORIENTED_EDGE ( 'NONE', *, *, #842, .F. ) ;
#1248 = AXIS2_PLACEMENT_3D ( 'NONE', #49, #1303, #340 ) ;
#1249 = ORIENTED_EDGE ( 'NONE', *, *, #879, .T. ) ;
#1250 = PRESENTATION_LAYER_ASSIGNMENT (  '', '', ( #59 ) ) ;
#1251 = LINE ( 'NONE', #296, #1046 ) ;
#1252 = FACE_OUTER_BOUND ( 'NONE', #764, .T. ) ;
#1253 = EDGE_LOOP ( 'NONE', ( #607, #1287, #516, #75 ) ) ;
#1254 = CARTESIAN_POINT ( 'NONE',  ( -0.9499999999999999556, 2.032879073410320814E-17, -0.5750000000000000666 ) ) ;
#1255 = ORIENTED_EDGE ( 'NONE', *, *, #1286, .F. ) ;
#1256 = ADVANCED_FACE ( 'NONE', ( #799 ), #181, .T. ) ;
#1257 = CARTESIAN_POINT ( 'NONE',  ( 0.4999999999999998890, 0.8800000000000000044, -0.6250000000000001110 ) ) ;
#1258 = CARTESIAN_POINT ( 'NONE',  ( 0.4999999999911324267, 0.8633333333333335080, -0.5750000000000000666 ) ) ;
#1259 = ORIENTED_EDGE ( 'NONE', *, *, #421, .T. ) ;
#1260 = VERTEX_POINT ( 'NONE', #211 ) ;
#1261 = EDGE_CURVE ( 'NONE', #1274, #1009, #204, .T. ) ;
#1262 = CARTESIAN_POINT ( 'NONE',  ( 0.9999999999999998890, 0.04999999999999999584, 0.5749999999999996225 ) ) ;
#1263 = CYLINDRICAL_SURFACE ( 'NONE', #96, 0.03333333333333334675 ) ;
#1264 = ORIENTED_EDGE ( 'NONE', *, *, #1315, .F. ) ;
#1265 = VERTEX_POINT ( 'NONE', #218 ) ;
#1266 = CIRCLE ( 'NONE', #1245, 0.05000000000000002359 ) ;
#1267 = VECTOR ( 'NONE', #304, 1000.000000000000000 ) ;
#1268 = CARTESIAN_POINT ( 'NONE',  ( 1.000000000000000000, 0.02071067811865472119, -0.5921572875253811041 ) ) ;
#1269 = AXIS2_PLACEMENT_3D ( 'NONE', #131, #1295, #1207 ) ;
#1270 = ADVANCED_FACE ( 'NONE', ( #89 ), #105, .T. ) ;
#1271 = ADVANCED_FACE ( 'NONE', ( #1347 ), #1032, .T. ) ;
#1272 = DIRECTION ( 'NONE',  ( 0.000000000000000000, -1.000000000000000000, 0.000000000000000000 ) ) ;
#1273 = EDGE_LOOP ( 'NONE', ( #351, #1048, #60, #890 ) ) ;
#1274 = VERTEX_POINT ( 'NONE', #928 ) ;
#1275 = ORIENTED_EDGE ( 'NONE', *, *, #1065, .T. ) ;
#1276 = CARTESIAN_POINT ( 'NONE',  ( -0.9499999999999999556, 0.8300000000000000711, -0.5750000000000000666 ) ) ;
#1277 = CARTESIAN_POINT ( 'NONE',  ( 0.9499999999999998446, 0.8800000000000000044, -0.5750000000000000666 ) ) ;
#1278 = DIRECTION ( 'NONE',  ( 1.000000000000000000, 0.000000000000000000, 8.673617379884036705E-17 ) ) ;
#1279 = ORIENTED_EDGE ( 'NONE', *, *, #387, .T. ) ;
#1280 = EDGE_CURVE ( 'NONE', #974, #837, #845, .T. ) ;
#1281 = VERTEX_POINT ( 'NONE', #1353 ) ;
#1282 = LINE ( 'NONE', #1177, #1228 ) ;
#1283 = DIRECTION ( 'NONE',  ( 0.000000000000000000, -1.000000000000000000, 0.000000000000000000 ) ) ;
#1284 = FACE_OUTER_BOUND ( 'NONE', #256, .T. ) ;
#1285 = CARTESIAN_POINT ( 'NONE',  ( 0.9999999999999997780, 0.8800000000000000044, 0.6249999999999996669 ) ) ;
#1286 = EDGE_CURVE ( 'NONE', #1309, #832, #1251, .T. ) ;
#1287 = ORIENTED_EDGE ( 'NONE', *, *, #535, .F. ) ;
#1288 = LINE ( 'NONE', #37, #1090 ) ;
#1289 = AXIS2_PLACEMENT_3D ( 'NONE', #544, #436, #730 ) ;
#1290 = VECTOR ( 'NONE', #369, 1000.000000000000000 ) ;
#1291 = DIRECTION ( 'NONE',  ( -1.734723475976807341E-16, 0.000000000000000000, 1.000000000000000000 ) ) ;
#1292 =( GEOMETRIC_REPRESENTATION_CONTEXT ( 3 ) GLOBAL_UNCERTAINTY_ASSIGNED_CONTEXT ( ( #1062 ) ) GLOBAL_UNIT_ASSIGNED_CONTEXT ( ( #467, #580, #586 ) ) REPRESENTATION_CONTEXT ( 'NONE', 'WORKASPACE' ) );
#1293 = AXIS2_PLACEMENT_3D ( 'NONE', #386, #1113, #477 ) ;
#1294 = DIRECTION ( 'NONE',  ( -0.000000000000000000, 1.000000000000000000, 0.000000000000000000 ) ) ;
#1295 = DIRECTION ( 'NONE',  ( -1.000000000000000000, 0.000000000000000000, 0.000000000000000000 ) ) ;
#1296 = PLANE ( 'NONE',  #167 ) ;
#1297 = VERTEX_POINT ( 'NONE', #617 ) ;
#1298 = DIRECTION ( 'NONE',  ( -1.000000000000000000, 0.000000000000000000, -1.734723475976807341E-16 ) ) ;
#1299 = CARTESIAN_POINT ( 'NONE',  ( -0.9499999999999997335, 0.8800000000000000044, 0.5749999999999996225 ) ) ;
#1300 = ADVANCED_FACE ( 'NONE', ( #97 ), #934, .F. ) ;
#1301 = CARTESIAN_POINT ( 'NONE',  ( 1.000000000000000000, 0.8471572875253808865, -0.6042893218813455425 ) ) ;
#1302 =( LENGTH_UNIT ( ) NAMED_UNIT ( * ) SI_UNIT ( .MILLI., .METRE. ) );
#1303 = DIRECTION ( 'NONE',  ( 1.000000000000000000, -0.000000000000000000, -8.673617379884036705E-17 ) ) ;
#1304 = PLANE ( 'NONE',  #1226 ) ;
#1305 = DIRECTION ( 'NONE',  ( -1.000000000000000000, 0.000000000000000000, 8.673617379884036705E-17 ) ) ;
#1306 = EDGE_LOOP ( 'NONE', ( #1279, #1128, #926, #648 ) ) ;
#1307 = PRESENTATION_STYLE_ASSIGNMENT (( #747 ) ) ;
#1308 = CARTESIAN_POINT ( 'NONE',  ( -1.000000000000000000, 0.04999999999999999584, -0.5750000000000000666 ) ) ;
#1309 = VERTEX_POINT ( 'NONE', #1277 ) ;
#1310 = VERTEX_POINT ( 'NONE', #319 ) ;
#1311 = CARTESIAN_POINT ( 'NONE',  ( -0.9999999999999995559, 0.8299999999999999600, 0.6042893218813446543 ) ) ;
#1312 = DIRECTION ( 'NONE',  ( -0.000000000000000000, 1.000000000000000000, -1.224646799147353207E-16 ) ) ;
#1313 = VECTOR ( 'NONE', #1185, 1000.000000000000000 ) ;
#1314 = LINE ( 'NONE', #358, #485 ) ;
#1315 = EDGE_CURVE ( 'NONE', #710, #832, #623, .T. ) ;
#1316 = CIRCLE ( 'NONE', #1139, 0.05000000000000002359 ) ;
#1317 = CARTESIAN_POINT ( 'NONE',  ( 0.4999999999911323156, 0.04999999999999991257, 0.6083333333333329485 ) ) ;
#1318 = EDGE_CURVE ( 'NONE', #912, #1310, #1316, .T. ) ;
#1319 = DIRECTION ( 'NONE',  ( -1.734723475976807341E-16, 0.000000000000000000, 1.000000000000000000 ) ) ;
#1320 = VERTEX_POINT ( 'NONE', #338 ) ;
#1321 = DIRECTION ( 'NONE',  ( -1.000000000000000000, -0.000000000000000000, -0.000000000000000000 ) ) ;
#1322 =( BOUNDED_SURFACE ( )  B_SPLINE_SURFACE ( 3, 3, ( 
 ( #1254, #956, #1089, #881 ),
 ( #670, #981, #1076, #655 ),
 ( #162, #893, #434, #1082 ),
 ( #1308, #260, #571, #346 ) ),
 .UNSPECIFIED., .F., .F., .F. ) 
 B_SPLINE_SURFACE_WITH_KNOTS ( ( 4, 4 ),
 ( 4, 4 ),
 ( 0.000000000000000000, 1.000000000000000000 ),
 ( 0.000000000000000000, 1.000000000000000000 ),
 .UNSPECIFIED. ) 
 GEOMETRIC_REPRESENTATION_ITEM ( )  RATIONAL_B_SPLINE_SURFACE ( (
 ( 1.000000000000000000, 0.8047378541243649375, 0.8047378541243649375, 1.000000000000000000),
 ( 0.8047378541243650485, 0.6476030138606877484, 0.6476030138606877484, 0.8047378541243650485),
 ( 0.8047378541243650485, 0.6476030138606877484, 0.6476030138606877484, 0.8047378541243650485),
 ( 1.000000000000000000, 0.8047378541243649375, 0.8047378541243649375, 1.000000000000000000) ) ) 
 REPRESENTATION_ITEM ( '' )  SURFACE ( )  );
#1323 = CARTESIAN_POINT ( 'NONE',  ( -0.9999999999999997780, 0.8800000000000000044, 0.5749999999999996225 ) ) ;
#1324 = CARTESIAN_POINT ( 'NONE',  ( 0.9499999999999998446, -5.421010862427522170E-17, -0.5750000000000000666 ) ) ;
#1325 = CARTESIAN_POINT ( 'NONE',  ( 0.9499999999999997335, 0.04999999999999991257, 0.5749999999999996225 ) ) ;
#1326 = ADVANCED_FACE ( 'NONE', ( #757 ), #947, .F. ) ;
#1327 = FACE_OUTER_BOUND ( 'NONE', #1306, .T. ) ;
#1328 = EDGE_LOOP ( 'NONE', ( #731, #13, #1029, #1216 ) ) ;
#1329 = CARTESIAN_POINT ( 'NONE',  ( -0.4999999999999998890, 0.000000000000000000, -0.6250000000000001110 ) ) ;
#1330 = FACE_OUTER_BOUND ( 'NONE', #667, .T. ) ;
#1331 = CYLINDRICAL_SURFACE ( 'NONE', #604, 0.05000000000000002359 ) ;
#1332 = ORIENTED_EDGE ( 'NONE', *, *, #728, .T. ) ;
#1333 = FILL_AREA_STYLE_COLOUR ( '', #1363 ) ;
#1334 = CARTESIAN_POINT ( 'NONE',  ( -0.9499999999999997335, 0.8299999999999999600, 0.6249999999999993339 ) ) ;
#1335 = EDGE_CURVE ( 'NONE', #837, #817, #136, .T. ) ;
#1336 = CARTESIAN_POINT ( 'NONE',  ( -0.9499999999999997335, 0.8300000000000000711, 0.5749999999999996225 ) ) ;
#1337 = CIRCLE ( 'NONE', #777, 0.05000000000000002359 ) ;
#1338 = DIRECTION ( 'NONE',  ( -1.000000000000000000, 0.000000000000000000, 0.000000000000000000 ) ) ;
#1339 = VECTOR ( 'NONE', #52, 1000.000000000000000 ) ;
#1340 = VERTEX_POINT ( 'NONE', #6 ) ;
#1341 = CARTESIAN_POINT ( 'NONE',  ( -0.9499999999999998446, -5.421010862427522170E-17, 0.5749999999999995115 ) ) ;
#1342 = VECTOR ( 'NONE', #400, 1000.000000000000000 ) ;
#1343 = EDGE_CURVE ( 'NONE', #1359, #494, #547, .T. ) ;
#1344 = CARTESIAN_POINT ( 'NONE',  ( 0.4999999999999998890, 0.8800000000000000044, -0.6250000000000001110 ) ) ;
#1345 = CARTESIAN_POINT ( 'NONE',  ( -0.9499999999999998446, 0.8300000000000000711, 1.647987302177966740E-16 ) ) ;
#1346 = ORIENTED_EDGE ( 'NONE', *, *, #940, .T. ) ;
#1347 = FACE_OUTER_BOUND ( 'NONE', #1071, .T. ) ;
#1348 = DIRECTION ( 'NONE',  ( 1.734723475976807341E-16, -0.000000000000000000, 1.000000000000000000 ) ) ;
#1349 = ADVANCED_FACE ( 'NONE', ( #1001 ), #327, .T. ) ;
#1350 = DIRECTION ( 'NONE',  ( 0.000000000000000000, -1.000000000000000000, 0.000000000000000000 ) ) ;
#1351 = EDGE_LOOP ( 'NONE', ( #1346, #795, #827, #952, #1275, #80, #538, #1152 ) ) ;
#1352 = ORIENTED_EDGE ( 'NONE', *, *, #361, .F. ) ;
#1353 = CARTESIAN_POINT ( 'NONE',  ( 0.9999999999999997780, 0.04999999999999993339, 0.5749999999999995115 ) ) ;
#1354 = CARTESIAN_POINT ( 'NONE',  ( 0.9792893218813447653, 0.8592893218813453249, 0.6249999999999994449 ) ) ;
#1355 = VECTOR ( 'NONE', #754, 1000.000000000000000 ) ;
#1356 =( BOUNDED_SURFACE ( )  B_SPLINE_SURFACE ( 3, 3, ( 
 ( #565, #577, #475, #1334 ),
 ( #897, #797, #66, #173 ),
 ( #1010, #375, #884, #1311 ),
 ( #1232, #279, #690, #593 ) ),
 .UNSPECIFIED., .F., .F., .F. ) 
 B_SPLINE_SURFACE_WITH_KNOTS ( ( 4, 4 ),
 ( 4, 4 ),
 ( 0.000000000000000000, 1.000000000000000000 ),
 ( 0.000000000000000000, 1.000000000000000000 ),
 .UNSPECIFIED. ) 
 GEOMETRIC_REPRESENTATION_ITEM ( )  RATIONAL_B_SPLINE_SURFACE ( (
 ( 1.000000000000000000, 0.8047378541243649375, 0.8047378541243649375, 1.000000000000000000),
 ( 0.8047378541243658256, 0.6476030138606884146, 0.6476030138606884146, 0.8047378541243658256),
 ( 0.8047378541243658256, 0.6476030138606884146, 0.6476030138606884146, 0.8047378541243658256),
 ( 1.000000000000000000, 0.8047378541243649375, 0.8047378541243649375, 1.000000000000000000) ) ) 
 REPRESENTATION_ITEM ( '' )  SURFACE ( )  );
#1357 = CIRCLE ( 'NONE', #465, 0.03333333333333324267 ) ;
#1358 = CARTESIAN_POINT ( 'NONE',  ( 0.9499999999999999556, 0.8800000000000000044, -0.5750000000000000666 ) ) ;
#1359 = VERTEX_POINT ( 'NONE', #896 ) ;
#1360 = AXIS2_PLACEMENT_3D ( 'NONE', #1336, #583, #1132 ) ;
#1361 = EDGE_LOOP ( 'NONE', ( #932, #1188, #826, #65 ) ) ;
#1362 = VECTOR ( 'NONE', #582, 1000.000000000000000 ) ;
#1363 = COLOUR_RGB ( '',0.7921568627450980005, 0.8196078431372548767, 0.9333333333333333481 ) ;
#1364 = DIRECTION ( 'NONE',  ( -1.000000000000000000, 0.000000000000000000, -1.734723475976806848E-16 ) ) ;
#1365 = FACE_OUTER_BOUND ( 'NONE', #1369, .T. ) ;
#1366 = LINE ( 'NONE', #835, #1342 ) ;
#1367 = LINE ( 'NONE', #415, #558 ) ;
#1368 = ORIENTED_EDGE ( 'NONE', *, *, #1049, .T. ) ;
#1369 = EDGE_LOOP ( 'NONE', ( #953, #70, #782 ) ) ;
#1370 = CARTESIAN_POINT ( 'NONE',  ( -1.000000000000000000, 0.8300000000000001821, -0.5750000000000000666 ) ) ;
#1371 = CARTESIAN_POINT ( 'NONE',  ( 0.000000000000000000, 0.000000000000000000, -0.5750000000000000666 ) ) ;
#1372 = LINE ( 'NONE', #394, #1026 ) ;
#1373 = ORIENTED_EDGE ( 'NONE', *, *, #271, .F. ) ;
#1374 = EDGE_CURVE ( 'NONE', #1056, #974, #647, .T. ) ;
#1375 = CARTESIAN_POINT ( 'NONE',  ( -0.9499999999999999556, 0.8800000000000003375, -0.6042893218813453204 ) ) ;
#1376 = CARTESIAN_POINT ( 'NONE',  ( 0.9499999999999997335, 0.8800000000000002265, 0.6042893218813444323 ) ) ;
ENDSEC;
END-ISO-10303-21;
